Timestamp,Stock,Bucket,Decision,Score,Signal,Price,Reason,Regime,Exit_Reason
2026-06-05 02:14:37,PORTFOLIO,ALL,HALTED,0,—,0,BEAR market detected (BEAR 🐻). No new BUY orders — capital protection mode.,BEAR 🐻,
2026-06-05 02:14:44,Tribhovandas Bhimji Zaveri,Swing,HOLD,0,TRAILING,177.49,Trailing stop activated at 7.3% gain. Trail stop ₹170.39 — moves up with price.,BEAR 🐻,TRAIL_ACTIVATED
2026-06-17 09:19:17,RELIANCE,Intraday,NO-TRADE,56.0,BUY 🟢,1319.0,❌ **RELIANCE** REJECTED for Intraday | Score: 59/100 | Votes: 1/4 Reasons: Portfolio risk gate: 🛑 Blocked: Intraday bucket drawdown: -16.7% (limit: -10.0%). Bucket paused — no new entries until losses recover. Existing positions continue unaffected.,WEAK BULL 📈,
2026-06-17 09:19:18,TCS,—,NO-TRADE,50.0,NEUTRAL ⚪,2217.6,Signal is NEUTRAL ⚪ — not a BUY. No action taken.,WEAK BULL 📈,
2026-06-17 09:19:20,HDFCBANK,Intraday,NO-TRADE,58.0,BUY 🟢,783.5,❌ **HDFCBANK** REJECTED for Intraday | Score: 64/100 | Votes: 1/4 Reasons: Portfolio risk gate: 🛑 Blocked: Intraday bucket drawdown: -16.7% (limit: -10.0%). Bucket paused — no new entries until losses recover. Existing positions continue unaffected.,WEAK BULL 📈,
2026-06-17 09:19:21,INFY,—,NO-TRADE,51.0,BUY 🟢,1155.7,"No suitable bucket for INFY. Score 51/100, 1/4 strategies agree — signal is too weak for any bucket. Wait for a stronger setup.",WEAK BULL 📈,
2026-06-17 09:19:24,ICICIBANK,Intraday,NO-TRADE,58.0,BUY 🟢,1338.8,❌ **ICICIBANK** REJECTED for Intraday | Score: 66/100 | Votes: 1/4 Reasons: Portfolio risk gate: 🛑 Blocked: Intraday bucket drawdown: -16.7% (limit: -10.0%). Bucket paused — no new entries until losses recover. Existing positions continue unaffected.,WEAK BULL 📈,
2026-06-17 09:19:27,HINDUNILVR,Intraday,NO-TRADE,55.0,BUY 🟢,2201.8,❌ **HINDUNILVR** REJECTED for Intraday | Score: 59/100 | Votes: 1/4 Reasons: Portfolio risk gate: 🛑 Blocked: Intraday bucket drawdown: -16.7% (limit: -10.0%). Bucket paused — no new entries until losses recover. Existing positions continue unaffected.,WEAK BULL 📈,
2026-06-17 09:19:28,SBIN,—,NO-TRADE,56.0,NEUTRAL ⚪,1015.85,Signal is NEUTRAL ⚪ — not a BUY. No action taken.,WEAK BULL 📈,
2026-06-17 09:19:30,BHARTIARTL,Intraday,NO-TRADE,55.0,BUY 🟢,1849.8,❌ **BHARTIARTL** REJECTED for Intraday | Score: 59/100 | Votes: 1/4 Reasons: Portfolio risk gate: 🛑 Blocked: Intraday bucket drawdown: -16.7% (limit: -10.0%). Bucket paused — no new entries until losses recover. Existing positions continue unaffected.,WEAK BULL 📈,
2026-06-17 09:19:33,ITC,Intraday,NO-TRADE,55.0,BUY 🟢,290.85,❌ **ITC** REJECTED for Intraday | Score: 59/100 | Votes: 1/4 Reasons: Portfolio risk gate: 🛑 Blocked: Intraday bucket drawdown: -16.7% (limit: -10.0%). Bucket paused — no new entries until losses recover. Existing positions continue unaffected.,WEAK BULL 📈,
2026-06-17 09:19:36,KOTAKBANK,Intraday,NO-TRADE,58.0,BUY 🟢,407.25,❌ **KOTAKBANK** REJECTED for Intraday | Score: 66/100 | Votes: 1/4 Reasons: Portfolio risk gate: 🛑 Blocked: Intraday bucket drawdown: -16.7% (limit: -10.0%). Bucket paused — no new entries until losses recover. Existing positions continue unaffected.,WEAK BULL 📈,
2026-06-17 09:19:39,BAJFINANCE,Intraday,NO-TRADE,59.0,BUY 🟢,952.4,❌ **BAJFINANCE** REJECTED for Intraday | Score: 67/100 | Votes: 1/4 Reasons: Portfolio risk gate: 🛑 Blocked: Intraday bucket drawdown: -16.7% (limit: -10.0%). Bucket paused — no new entries until losses recover. Existing positions continue unaffected.,WEAK BULL 📈,
2026-06-17 09:19:40,WIPRO,—,NO-TRADE,44.0,SELL 🔴,184.8,Score 44/100 below minimum 50/100. No bucket would accept this.,WEAK BULL 📈,
2026-06-17 09:19:43,AXISBANK,Intraday,NO-TRADE,59.0,BUY 🟢,1357.7,❌ **AXISBANK** REJECTED for Intraday | Score: 66/100 | Votes: 1/4 Reasons: Portfolio risk gate: 🛑 Blocked: Intraday bucket drawdown: -16.7% (limit: -10.0%). Bucket paused — no new entries until losses recover. Existing positions continue unaffected.,WEAK BULL 📈,
2026-06-17 09:19:45,ASIANPAINT,Intraday,NO-TRADE,56.0,BUY 🟢,2754.6,❌ **ASIANPAINT** REJECTED for Intraday | Score: 63/100 | Votes: 1/4 Reasons: Portfolio risk gate: 🛑 Blocked: Intraday bucket drawdown: -16.7% (limit: -10.0%). Bucket paused — no new entries until losses recover. Existing positions continue unaffected.,WEAK BULL 📈,
2026-06-17 09:19:48,MARUTI,Intraday,NO-TRADE,58.0,BUY 🟢,13640.0,❌ **MARUTI** REJECTED for Intraday | Score: 67/100 | Votes: 1/4 Reasons: Portfolio risk gate: 🛑 Blocked: Intraday bucket drawdown: -16.7% (limit: -10.0%). Bucket paused — no new entries until losses recover. Existing positions continue unaffected.,WEAK BULL 📈,
2026-06-17 09:19:51,TITAN,Intraday,NO-TRADE,57.0,BUY 🟢,4340.4,❌ **TITAN** REJECTED for Intraday | Score: 64/100 | Votes: 1/4 Reasons: Portfolio risk gate: 🛑 Blocked: Intraday bucket drawdown: -16.7% (limit: -10.0%). Bucket paused — no new entries until losses recover. Existing positions continue unaffected.,WEAK BULL 📈,
2026-06-17 09:19:52,SUNPHARMA,—,NO-TRADE,52.0,BUY 🟢,1811.6,"No suitable bucket for SUNPHARMA. Score 52/100, 1/4 strategies agree — signal is too weak for any bucket. Wait for a stronger setup.",WEAK BULL 📈,
2026-06-17 09:19:55,ULTRACEMCO,Intraday,NO-TRADE,56.0,BUY 🟢,11351.0,❌ **ULTRACEMCO** REJECTED for Intraday | Score: 59/100 | Votes: 1/4 Reasons: Portfolio risk gate: 🛑 Blocked: Intraday bucket drawdown: -16.7% (limit: -10.0%). Bucket paused — no new entries until losses recover. Existing positions continue unaffected.,WEAK BULL 📈,
2026-06-17 09:19:56,NESTLEIND,—,NO-TRADE,45.0,SELL 🔴,1388.9,Score 45/100 below minimum 50/100. No bucket would accept this.,WEAK BULL 📈,
2026-06-17 09:19:57,ADANIENT,—,NO-TRADE,54.0,BUY 🟢,2940.9,"No suitable bucket for ADANIENT. Score 54/100, 1/4 strategies agree — signal is too weak for any bucket. Wait for a stronger setup.",WEAK BULL 📈,
2026-06-17 09:19:58,ADANIPORTS,—,NO-TRADE,53.0,BUY 🟢,1810.9,"No suitable bucket for ADANIPORTS. Score 53/100, 1/4 strategies agree — signal is too weak for any bucket. Wait for a stronger setup.",WEAK BULL 📈,
2026-06-17 09:19:58,POWERGRID,—,NO-TRADE,53.0,NEUTRAL ⚪,284.35,Signal is NEUTRAL ⚪ — not a BUY. No action taken.,WEAK BULL 📈,
2026-06-17 09:19:59,NTPC,—,NO-TRADE,46.0,NEUTRAL ⚪,354.9,Score 46/100 below minimum 50/100. No bucket would accept this.,WEAK BULL 📈,
2026-06-17 09:20:00,ONGC,—,NO-TRADE,47.0,NEUTRAL ⚪,247.2,Score 47/100 below minimum 50/100. No bucket would accept this.,WEAK BULL 📈,
2026-06-17 09:20:00,COALINDIA,—,NO-TRADE,44.0,SELL 🔴,449.45,Score 44/100 below minimum 50/100. No bucket would accept this.,WEAK BULL 📈,
2026-06-17 09:20:03,TMCV,Intraday,NO-TRADE,58.0,BUY 🟢,400.0,❌ **TMCV** REJECTED for Intraday | Score: 64/100 | Votes: 1/4 Reasons: Portfolio risk gate: 🛑 Blocked: Intraday bucket drawdown: -16.7% (limit: -10.0%). Bucket paused — no new entries until losses recover. Existing positions continue unaffected.,WEAK BULL 📈,
2026-06-17 09:20:03,TATASTEEL,—,NO-TRADE,47.0,NEUTRAL ⚪,195.95,Score 47/100 below minimum 50/100. No bucket would accept this.,WEAK BULL 📈,
2026-06-17 09:20:06,HCLTECH,Intraday,NO-TRADE,55.0,BUY 🟢,1167.5,❌ **HCLTECH** REJECTED for Intraday | Score: 57/100 | Votes: 1/4 Reasons: Portfolio risk gate: 🛑 Blocked: Intraday bucket drawdown: -16.7% (limit: -10.0%). Bucket paused — no new entries until losses recover. Existing positions continue unaffected.,WEAK BULL 📈,
2026-06-17 09:20:07,JSWSTEEL,—,NO-TRADE,45.0,STRONG SELL 🔴🔴,1271.3,Score 45/100 below minimum 50/100. No bucket would accept this.,WEAK BULL 📈,
2026-06-17 09:20:10,BAJAJFINSV,Intraday,NO-TRADE,55.0,BUY 🟢,1783.9,❌ **BAJAJFINSV** REJECTED for Intraday | Score: 59/100 | Votes: 1/4 Reasons: Portfolio risk gate: 🛑 Blocked: Intraday bucket drawdown: -16.7% (limit: -10.0%). Bucket paused — no new entries until losses recover. Existing positions continue unaffected.,WEAK BULL 📈,
2026-06-17 09:20:14,LT,Intraday,NO-TRADE,58.0,BUY 🟢,4183.3,❌ **LT** REJECTED for Intraday | Score: 66/100 | Votes: 1/4 Reasons: Portfolio risk gate: 🛑 Blocked: Intraday bucket drawdown: -16.7% (limit: -10.0%). Bucket paused — no new entries until losses recover. Existing positions continue unaffected.,WEAK BULL 📈,
2026-06-17 09:20:16,M&M,Intraday,NO-TRADE,59.0,STRONG BUY 🟢🟢,3133.0,❌ **M&M** REJECTED for Intraday | Score: 64/100 | Votes: 2/4 Reasons: Portfolio risk gate: 🛑 Blocked: Intraday bucket drawdown: -16.7% (limit: -10.0%). Bucket paused — no new entries until losses recover. Existing positions continue unaffected.,WEAK BULL 📈,
2026-06-17 09:20:17,RELIANCE,Intraday,NO-TRADE,56.0,BUY 🟢,1318.0,❌ **RELIANCE** REJECTED for Intraday | Score: 59/100 | Votes: 1/4 Reasons: Portfolio risk gate: 🛑 Blocked: Intraday bucket drawdown: -16.7% (limit: -10.0%). Bucket paused — no new entries until losses recover. Existing positions continue unaffected.,WEAK BULL 📈,
2026-06-17 09:20:17,Jindal Stainless,—,NO-TRADE,54.0,BUY 🟢,710.55,"No suitable bucket for Jindal Stainless. Score 54/100, 1/4 strategies agree — signal is too weak for any bucket. Wait for a stronger setup.",WEAK BULL 📈,
2026-06-17 09:20:18,TCS,—,NO-TRADE,50.0,NEUTRAL ⚪,2228.4,Signal is NEUTRAL ⚪ — not a BUY. No action taken.,WEAK BULL 📈,
2026-06-17 09:20:21,Mazagon Dock,Intraday,NO-TRADE,55.0,BUY 🟢,2488.2,❌ **Mazagon Dock** REJECTED for Intraday | Score: 59/100 | Votes: 1/4 Reasons: Portfolio risk gate: 🛑 Blocked: Intraday bucket drawdown: -16.7% (limit: -10.0%). Bucket paused — no new entries until losses recover. Existing positions continue unaffected.,WEAK BULL 📈,
2026-06-17 09:20:21,HDFCBANK,Intraday,NO-TRADE,58.0,BUY 🟢,783.8,❌ **HDFCBANK** REJECTED for Intraday | Score: 64/100 | Votes: 1/4 Reasons: Portfolio risk gate: 🛑 Blocked: Intraday bucket drawdown: -16.7% (limit: -10.0%). Bucket paused — no new entries until losses recover. Existing positions continue unaffected.,WEAK BULL 📈,
2026-06-17 09:20:22,TMPV,—,NO-TRADE,54.0,BUY 🟢,391.0,"No suitable bucket for TMPV. Score 54/100, 1/4 strategies agree — signal is too weak for any bucket. Wait for a stronger setup.",WEAK BULL 📈,
2026-06-17 09:20:22,INFY,—,NO-TRADE,51.0,BUY 🟢,1158.0,"No suitable bucket for INFY. Score 51/100, 1/4 strategies agree — signal is too weak for any bucket. Wait for a stronger setup.",WEAK BULL 📈,
2026-06-17 09:20:22,JINDAL STEEL,—,NO-TRADE,47.0,NEUTRAL ⚪,1129.2,Score 47/100 below minimum 50/100. No bucket would accept this.,WEAK BULL 📈,
2026-06-17 09:20:23,Rail Vikas Nigam,—,NO-TRADE,49.0,SELL 🔴,240.6,Score 49/100 below minimum 50/100. No bucket would accept this.,WEAK BULL 📈,
2026-06-17 09:20:24,Cochin Shipyard,—,NO-TRADE,53.0,NEUTRAL ⚪,1442.7,Signal is NEUTRAL ⚪ — not a BUY. No action taken.,WEAK BULL 📈,
2026-06-17 09:20:25,ICICIBANK,Intraday,NO-TRADE,58.0,BUY 🟢,1340.0,❌ **ICICIBANK** REJECTED for Intraday | Score: 66/100 | Votes: 1/4 Reasons: Portfolio risk gate: 🛑 Blocked: Intraday bucket drawdown: -16.7% (limit: -10.0%). Bucket paused — no new entries until losses recover. Existing positions continue unaffected.,WEAK BULL 📈,
2026-06-17 09:20:27,Bharat Dynamics,Intraday,NO-TRADE,55.0,BUY 🟢,1240.5,❌ **Bharat Dynamics** REJECTED for Intraday | Score: 57/100 | Votes: 1/4 Reasons: Portfolio risk gate: 🛑 Blocked: Intraday bucket drawdown: -16.7% (limit: -10.0%). Bucket paused — no new entries until losses recover. Existing positions continue unaffected.,WEAK BULL 📈,
2026-06-17 09:20:28,HINDUNILVR,Intraday,NO-TRADE,55.0,BUY 🟢,2200.2,❌ **HINDUNILVR** REJECTED for Intraday | Score: 59/100 | Votes: 1/4 Reasons: Portfolio risk gate: 🛑 Blocked: Intraday bucket drawdown: -16.7% (limit: -10.0%). Bucket paused — no new entries until losses recover. Existing positions continue unaffected.,WEAK BULL 📈,
2026-06-17 09:20:29,SBIN,—,NO-TRADE,56.0,NEUTRAL ⚪,1016.95,Signal is NEUTRAL ⚪ — not a BUY. No action taken.,WEAK BULL 📈,
2026-06-17 09:20:30,TVS Motors,Intraday,NO-TRADE,55.0,BUY 🟢,3447.0,❌ **TVS Motors** REJECTED for Intraday | Score: 59/100 | Votes: 1/4 Reasons: Portfolio risk gate: 🛑 Blocked: Intraday bucket drawdown: -16.7% (limit: -10.0%). Bucket paused — no new entries until losses recover. Existing positions continue unaffected.,WEAK BULL 📈,
2026-06-17 09:20:31,IRCTC,—,NO-TRADE,50.0,SELL 🔴,520.6,Signal is SELL 🔴 — not a BUY. No action taken.,WEAK BULL 📈,
2026-06-17 09:20:32,BHARTIARTL,Intraday,NO-TRADE,55.0,BUY 🟢,1844.7,❌ **BHARTIARTL** REJECTED for Intraday | Score: 59/100 | Votes: 1/4 Reasons: Portfolio risk gate: 🛑 Blocked: Intraday bucket drawdown: -16.7% (limit: -10.0%). Bucket paused — no new entries until losses recover. Existing positions continue unaffected.,WEAK BULL 📈,
2026-06-17 09:20:34,DMART,Intraday,NO-TRADE,55.0,BUY 🟢,4242.5,❌ **DMART** REJECTED for Intraday | Score: 62/100 | Votes: 1/4 Reasons: Portfolio risk gate: 🛑 Blocked: Intraday bucket drawdown: -16.7% (limit: -10.0%). Bucket paused — no new entries until losses recover. Existing positions continue unaffected.,WEAK BULL 📈,
2026-06-17 09:20:35,IDEA,—,NO-TRADE,53.0,BUY 🟢,14.58,"No suitable bucket for IDEA. Score 53/100, 1/4 strategies agree — signal is too weak for any bucket. Wait for a stronger setup.",WEAK BULL 📈,
2026-06-17 09:20:38,Garden Reach Shipbuilders,Intraday,NO-TRADE,55.0,BUY 🟢,2701.0,❌ **Garden Reach Shipbuilders** REJECTED for Intraday | Score: 59/100 | Votes: 1/4 Reasons: Portfolio risk gate: 🛑 Blocked: Intraday bucket drawdown: -16.7% (limit: -10.0%). Bucket paused — no new entries until losses recover. Existing positions continue unaffected.,WEAK BULL 📈,
2026-06-17 09:20:39,HAL,—,NO-TRADE,46.0,SELL 🔴,4273.9,Score 46/100 below minimum 50/100. No bucket would accept this.,WEAK BULL 📈,
2026-06-17 09:20:39,BEL,—,NO-TRADE,51.0,SELL 🔴,406.75,Signal is SELL 🔴 — not a BUY. No action taken.,WEAK BULL 📈,
2026-06-17 09:20:41,ITC,Intraday,NO-TRADE,55.0,BUY 🟢,290.7,❌ **ITC** REJECTED for Intraday | Score: 59/100 | Votes: 1/4 Reasons: Portfolio risk gate: 🛑 Blocked: Intraday bucket drawdown: -16.7% (limit: -10.0%). Bucket paused — no new entries until losses recover. Existing positions continue unaffected.,WEAK BULL 📈,
2026-06-17 09:20:43,IREDA,Intraday,NO-TRADE,58.0,STRONG BUY 🟢🟢,125.78,❌ **IREDA** REJECTED for Intraday | Score: 59/100 | Votes: 2/4 Reasons: Portfolio risk gate: 🛑 Blocked: Intraday bucket drawdown: -16.7% (limit: -10.0%). Bucket paused — no new entries until losses recover. Existing positions continue unaffected.,WEAK BULL 📈,
2026-06-17 09:20:43,Oil India,—,NO-TRADE,47.0,NEUTRAL ⚪,417.4,Score 47/100 below minimum 50/100. No bucket would accept this.,WEAK BULL 📈,
2026-06-17 09:20:44,KOTAKBANK,Intraday,NO-TRADE,58.0,BUY 🟢,407.45,❌ **KOTAKBANK** REJECTED for Intraday | Score: 66/100 | Votes: 1/4 Reasons: Portfolio risk gate: 🛑 Blocked: Intraday bucket drawdown: -16.7% (limit: -10.0%). Bucket paused — no new entries until losses recover. Existing positions continue unaffected.,WEAK BULL 📈,
2026-06-17 09:20:46,Eternal (formerly Zomato),Intraday,NO-TRADE,59.0,STRONG BUY 🟢🟢,254.35,❌ **Eternal (formerly Zomato)** REJECTED for Intraday | Score: 64/100 | Votes: 2/4 Reasons: Portfolio risk gate: 🛑 Blocked: Intraday bucket drawdown: -16.7% (limit: -10.0%). Bucket paused — no new entries until losses recover. Existing positions continue unaffected.,WEAK BULL 📈,
2026-06-17 09:20:49,COLPAL,Intraday,NO-TRADE,59.0,STRONG BUY 🟢🟢,2072.2,❌ **COLPAL** REJECTED for Intraday | Score: 64/100 | Votes: 2/4 Reasons: Portfolio risk gate: 🛑 Blocked: Intraday bucket drawdown: -16.7% (limit: -10.0%). Bucket paused — no new entries until losses recover. Existing positions continue unaffected.,WEAK BULL 📈,
2026-06-17 09:20:50,SBILIFE,—,NO-TRADE,46.0,SELL 🔴,1769.5,Score 46/100 below minimum 50/100. No bucket would accept this.,WEAK BULL 📈,
2026-06-17 09:20:50,ICICIPRULI,—,NO-TRADE,51.0,SELL 🔴,491.55,Signal is SELL 🔴 — not a BUY. No action taken.,WEAK BULL 📈,
2026-06-17 09:20:52,DIVISLAB,—,NO-TRADE,54.0,STRONG BUY 🟢🟢,6732.0,"No suitable bucket for DIVISLAB. Score 54/100, 2/4 strategies agree — signal is too weak for any bucket. Wait for a stronger setup.",WEAK BULL 📈,
2026-06-17 09:20:52,BAJFINANCE,Intraday,NO-TRADE,59.0,BUY 🟢,954.7,❌ **BAJFINANCE** REJECTED for Intraday | Score: 67/100 | Votes: 1/4 Reasons: Portfolio risk gate: 🛑 Blocked: Intraday bucket drawdown: -16.7% (limit: -10.0%). Bucket paused — no new entries until losses recover. Existing positions continue unaffected.,WEAK BULL 📈,
2026-06-17 09:20:52,PIDILITIND,—,NO-TRADE,53.0,SELL 🔴,1572.9,Signal is SELL 🔴 — not a BUY. No action taken.,WEAK BULL 📈,
2026-06-17 09:20:53,WIPRO,—,NO-TRADE,44.0,SELL 🔴,184.9,Score 44/100 below minimum 50/100. No bucket would accept this.,WEAK BULL 📈,
2026-06-17 09:20:53,CIPLA,—,NO-TRADE,50.0,SELL 🔴,1368.2,Signal is SELL 🔴 — not a BUY. No action taken.,WEAK BULL 📈,
2026-06-17 09:20:54,APOLLOHOSP,—,NO-TRADE,53.0,BUY 🟢,8425.0,"No suitable bucket for APOLLOHOSP. Score 53/100, 1/4 strategies agree — signal is too weak for any bucket. Wait for a stronger setup.",WEAK BULL 📈,
2026-06-17 09:20:55,BAJAJ-AUTO,—,NO-TRADE,48.0,NEUTRAL ⚪,9966.0,Score 48/100 below minimum 50/100. No bucket would accept this.,WEAK BULL 📈,
2026-06-17 09:20:56,AXISBANK,Intraday,NO-TRADE,59.0,BUY 🟢,1359.2,❌ **AXISBANK** REJECTED for Intraday | Score: 66/100 | Votes: 1/4 Reasons: Portfolio risk gate: 🛑 Blocked: Intraday bucket drawdown: -16.7% (limit: -10.0%). Bucket paused — no new entries until losses recover. Existing positions continue unaffected.,WEAK BULL 📈,
2026-06-17 09:20:58,HEROMOTOCO,Intraday,NO-TRADE,55.0,BUY 🟢,5016.2,❌ **HEROMOTOCO** REJECTED for Intraday | Score: 59/100 | Votes: 1/4 Reasons: Portfolio risk gate: 🛑 Blocked: Intraday bucket drawdown: -16.7% (limit: -10.0%). Bucket paused — no new entries until losses recover. Existing positions continue unaffected.,WEAK BULL 📈,
2026-06-17 09:20:59,ASIANPAINT,Intraday,NO-TRADE,56.0,BUY 🟢,2753.7,❌ **ASIANPAINT** REJECTED for Intraday | Score: 63/100 | Votes: 1/4 Reasons: Portfolio risk gate: 🛑 Blocked: Intraday bucket drawdown: -16.7% (limit: -10.0%). Bucket paused — no new entries until losses recover. Existing positions continue unaffected.,WEAK BULL 📈,
2026-06-17 09:21:01,EICHERMOT,Intraday,NO-TRADE,60.0,BUY 🟢,7528.0,❌ **EICHERMOT** REJECTED for Intraday | Score: 69/100 | Votes: 1/4 Reasons: Portfolio risk gate: 🛑 Blocked: Intraday bucket drawdown: -16.7% (limit: -10.0%). Bucket paused — no new entries until losses recover. Existing positions continue unaffected.,WEAK BULL 📈,
2026-06-17 09:21:01,TATACONSUM,—,NO-TRADE,48.0,NEUTRAL ⚪,1125.6,Score 48/100 below minimum 50/100. No bucket would accept this.,WEAK BULL 📈,
2026-06-17 09:21:02,BRITANNIA,—,NO-TRADE,52.0,SELL 🔴,5199.5,Signal is SELL 🔴 — not a BUY. No action taken.,WEAK BULL 📈,
2026-06-17 09:21:02,MARUTI,Intraday,NO-TRADE,59.0,BUY 🟢,13653.0,❌ **MARUTI** REJECTED for Intraday | Score: 69/100 | Votes: 1/4 Reasons: Portfolio risk gate: 🛑 Blocked: Intraday bucket drawdown: -16.7% (limit: -10.0%). Bucket paused — no new entries until losses recover. Existing positions continue unaffected.,WEAK BULL 📈,
2026-06-17 09:21:03,DRREDDY,—,NO-TRADE,49.0,NEUTRAL ⚪,1270.0,Score 49/100 below minimum 50/100. No bucket would accept this.,WEAK BULL 📈,
2026-06-17 09:21:03,TECHM,—,NO-TRADE,44.0,SELL 🔴,1465.3,Score 44/100 below minimum 50/100. No bucket would accept this.,WEAK BULL 📈,
2026-06-17 09:21:04,HDFCLIFE,—,NO-TRADE,52.0,NEUTRAL ⚪,575.8,Signal is NEUTRAL ⚪ — not a BUY. No action taken.,WEAK BULL 📈,
2026-06-17 09:21:06,TITAN,Intraday,NO-TRADE,57.0,BUY 🟢,4340.0,❌ **TITAN** REJECTED for Intraday | Score: 64/100 | Votes: 1/4 Reasons: Portfolio risk gate: 🛑 Blocked: Intraday bucket drawdown: -16.7% (limit: -10.0%). Bucket paused — no new entries until losses recover. Existing positions continue unaffected.,WEAK BULL 📈,
2026-06-17 09:21:06,SUNPHARMA,—,NO-TRADE,46.0,SELL 🔴,1810.4,Score 46/100 below minimum 50/100. No bucket would accept this.,WEAK BULL 📈,
2026-06-17 09:21:07,PFC,Intraday,NO-TRADE,56.0,BUY 🟢,428.4,❌ **PFC** REJECTED for Intraday | Score: 59/100 | Votes: 1/4 Reasons: Portfolio risk gate: 🛑 Blocked: Intraday bucket drawdown: -16.7% (limit: -10.0%). Bucket paused — no new entries until losses recover. Existing positions continue unaffected.,WEAK BULL 📈,
2026-06-17 09:21:10,RECLTD,Intraday,NO-TRADE,57.0,BUY 🟢,355.7,❌ **RECLTD** REJECTED for Intraday | Score: 64/100 | Votes: 1/4 Reasons: Portfolio risk gate: 🛑 Blocked: Intraday bucket drawdown: -16.7% (limit: -10.0%). Bucket paused — no new entries until losses recover. Existing positions continue unaffected.,WEAK BULL 📈,
2026-06-17 09:21:10,ULTRACEMCO,Intraday,NO-TRADE,56.0,BUY 🟢,11371.0,❌ **ULTRACEMCO** REJECTED for Intraday | Score: 59/100 | Votes: 1/4 Reasons: Portfolio risk gate: 🛑 Blocked: Intraday bucket drawdown: -16.7% (limit: -10.0%). Bucket paused — no new entries until losses recover. Existing positions continue unaffected.,WEAK BULL 📈,
2026-06-17 09:21:11,NESTLEIND,—,NO-TRADE,45.0,SELL 🔴,1390.7,Score 45/100 below minimum 50/100. No bucket would accept this.,WEAK BULL 📈,
2026-06-17 09:21:12,ADANIENT,—,NO-TRADE,54.0,BUY 🟢,2944.6,"No suitable bucket for ADANIENT. Score 54/100, 1/4 strategies agree — signal is too weak for any bucket. Wait for a stronger setup.",WEAK BULL 📈,
2026-06-17 09:21:13,ADANIPORTS,—,NO-TRADE,53.0,BUY 🟢,1811.1,"No suitable bucket for ADANIPORTS. Score 53/100, 1/4 strategies agree — signal is too weak for any bucket. Wait for a stronger setup.",WEAK BULL 📈,
2026-06-17 09:21:14,POWERGRID,—,NO-TRADE,53.0,NEUTRAL ⚪,284.75,Signal is NEUTRAL ⚪ — not a BUY. No action taken.,WEAK BULL 📈,
2026-06-17 09:21:15,NTPC,—,NO-TRADE,46.0,NEUTRAL ⚪,354.85,Score 46/100 below minimum 50/100. No bucket would accept this.,WEAK BULL 📈,
2026-06-17 09:21:15,ONGC,—,NO-TRADE,47.0,NEUTRAL ⚪,247.2,Score 47/100 below minimum 50/100. No bucket would accept this.,WEAK BULL 📈,
2026-06-17 09:21:16,COALINDIA,—,NO-TRADE,44.0,SELL 🔴,449.9,Score 44/100 below minimum 50/100. No bucket would accept this.,WEAK BULL 📈,
2026-06-17 09:21:19,RELIANCE,Intraday,NO-TRADE,56.0,BUY 🟢,1322.0,❌ **RELIANCE** REJECTED for Intraday | Score: 59/100 | Votes: 1/4 Reasons: Portfolio risk gate: 🛑 Blocked: Intraday bucket drawdown: -16.7% (limit: -10.0%). Bucket paused — no new entries until losses recover. Existing positions continue unaffected.,WEAK BULL 📈,
2026-06-17 09:21:19,TMCV,Intraday,NO-TRADE,58.0,BUY 🟢,400.0,❌ **TMCV** REJECTED for Intraday | Score: 64/100 | Votes: 1/4 Reasons: Portfolio risk gate: 🛑 Blocked: Intraday bucket drawdown: -16.7% (limit: -10.0%). Bucket paused — no new entries until losses recover. Existing positions continue unaffected.,WEAK BULL 📈,
2026-06-17 09:21:19,TCS,—,NO-TRADE,50.0,NEUTRAL ⚪,2221.2,Signal is NEUTRAL ⚪ — not a BUY. No action taken.,WEAK BULL 📈,
2026-06-17 09:21:19,SHRIRAMFIN,Intraday,NO-TRADE,59.0,BUY 🟢,1009.2,❌ **SHRIRAMFIN** REJECTED for Intraday | Score: 69/100 | Votes: 1/4 Reasons: Portfolio risk gate: 🛑 Blocked: Intraday bucket drawdown: -16.7% (limit: -10.0%). Bucket paused — no new entries until losses recover. Existing positions continue unaffected.,WEAK BULL 📈,
2026-06-17 09:21:20,TATASTEEL,—,NO-TRADE,47.0,NEUTRAL ⚪,196.13,Score 47/100 below minimum 50/100. No bucket would accept this.,WEAK BULL 📈,
2026-06-17 09:21:23,HDFCBANK,Intraday,NO-TRADE,58.0,BUY 🟢,785.4,❌ **HDFCBANK** REJECTED for Intraday | Score: 64/100 | Votes: 1/4 Reasons: Portfolio risk gate: 🛑 Blocked: Intraday bucket drawdown: -16.7% (limit: -10.0%). Bucket paused — no new entries until losses recover. Existing positions continue unaffected.,WEAK BULL 📈,
2026-06-17 09:21:23,HCLTECH,Intraday,NO-TRADE,55.0,BUY 🟢,1166.6,❌ **HCLTECH** REJECTED for Intraday | Score: 57/100 | Votes: 1/4 Reasons: Portfolio risk gate: 🛑 Blocked: Intraday bucket drawdown: -16.7% (limit: -10.0%). Bucket paused — no new entries until losses recover. Existing positions continue unaffected.,WEAK BULL 📈,
2026-06-17 09:21:24,JSWSTEEL,—,NO-TRADE,45.0,STRONG SELL 🔴🔴,1270.9,Score 45/100 below minimum 50/100. No bucket would accept this.,WEAK BULL 📈,
2026-06-17 09:21:24,INFY,—,NO-TRADE,51.0,BUY 🟢,1156.0,"No suitable bucket for INFY. Score 51/100, 1/4 strategies agree — signal is too weak for any bucket. Wait for a stronger setup.",WEAK BULL 📈,
2026-06-17 09:21:26,CHOLAFIN,Intraday,NO-TRADE,58.0,BUY 🟢,1686.8,❌ **CHOLAFIN** REJECTED for Intraday | Score: 66/100 | Votes: 1/4 Reasons: Portfolio risk gate: 🛑 Blocked: Intraday bucket drawdown: -16.7% (limit: -10.0%). Bucket paused — no new entries until losses recover. Existing positions continue unaffected.,WEAK BULL 📈,
2026-06-17 09:21:27,MUTHOOTFIN,—,NO-TRADE,49.0,SELL 🔴,3153.2,Score 49/100 below minimum 50/100. No bucket would accept this.,WEAK BULL 📈,
2026-06-17 09:21:27,BAJAJFINSV,Intraday,NO-TRADE,55.0,BUY 🟢,1785.0,❌ **BAJAJFINSV** REJECTED for Intraday | Score: 59/100 | Votes: 1/4 Reasons: Portfolio risk gate: 🛑 Blocked: Intraday bucket drawdown: -16.7% (limit: -10.0%). Bucket paused — no new entries until losses recover. Existing positions continue unaffected.,WEAK BULL 📈,
2026-06-17 09:21:27,ICICIBANK,Intraday,NO-TRADE,58.0,BUY 🟢,1339.6,❌ **ICICIBANK** REJECTED for Intraday | Score: 66/100 | Votes: 1/4 Reasons: Portfolio risk gate: 🛑 Blocked: Intraday bucket drawdown: -16.7% (limit: -10.0%). Bucket paused — no new entries until losses recover. Existing positions continue unaffected.,WEAK BULL 📈,
2026-06-17 09:21:30,CANBK,Intraday,NO-TRADE,60.0,BUY 🟢,132.84,❌ **CANBK** REJECTED for Intraday | Score: 69/100 | Votes: 1/4 Reasons: Portfolio risk gate: 🛑 Blocked: Intraday bucket drawdown: -16.7% (limit: -10.0%). Bucket paused — no new entries until losses recover. Existing positions continue unaffected.,WEAK BULL 📈,
2026-06-17 09:21:30,LT,Intraday,NO-TRADE,59.0,BUY 🟢,4180.0,❌ **LT** REJECTED for Intraday | Score: 69/100 | Votes: 1/4 Reasons: Portfolio risk gate: 🛑 Blocked: Intraday bucket drawdown: -16.7% (limit: -10.0%). Bucket paused — no new entries until losses recover. Existing positions continue unaffected.,WEAK BULL 📈,
2026-06-17 09:21:31,HINDUNILVR,Intraday,NO-TRADE,55.0,BUY 🟢,2202.6,❌ **HINDUNILVR** REJECTED for Intraday | Score: 59/100 | Votes: 1/4 Reasons: Portfolio risk gate: 🛑 Blocked: Intraday bucket drawdown: -16.7% (limit: -10.0%). Bucket paused — no new entries until losses recover. Existing positions continue unaffected.,WEAK BULL 📈,
2026-06-17 09:21:31,SBIN,—,NO-TRADE,56.0,NEUTRAL ⚪,1016.8,Signal is NEUTRAL ⚪ — not a BUY. No action taken.,WEAK BULL 📈,
2026-06-17 09:21:33,BANKBARODA,Intraday,NO-TRADE,59.0,BUY 🟢,275.25,❌ **BANKBARODA** REJECTED for Intraday | Score: 66/100 | Votes: 1/4 Reasons: Portfolio risk gate: 🛑 Blocked: Intraday bucket drawdown: -16.7% (limit: -10.0%). Bucket paused — no new entries until losses recover. Existing positions continue unaffected.,WEAK BULL 📈,
2026-06-17 09:21:33,M&M,Intraday,NO-TRADE,59.0,STRONG BUY 🟢🟢,3133.0,❌ **M&M** REJECTED for Intraday | Score: 64/100 | Votes: 2/4 Reasons: Portfolio risk gate: 🛑 Blocked: Intraday bucket drawdown: -16.7% (limit: -10.0%). Bucket paused — no new entries until losses recover. Existing positions continue unaffected.,WEAK BULL 📈,
2026-06-17 09:21:34,BHARTIARTL,Intraday,NO-TRADE,55.0,BUY 🟢,1844.9,❌ **BHARTIARTL** REJECTED for Intraday | Score: 59/100 | Votes: 1/4 Reasons: Portfolio risk gate: 🛑 Blocked: Intraday bucket drawdown: -16.7% (limit: -10.0%). Bucket paused — no new entries until losses recover. Existing positions continue unaffected.,WEAK BULL 📈,
2026-06-17 09:21:35,Jindal Stainless,—,NO-TRADE,54.0,BUY 🟢,711.45,"No suitable bucket for Jindal Stainless. Score 54/100, 1/4 strategies agree — signal is too weak for any bucket. Wait for a stronger setup.",WEAK BULL 📈,
2026-06-17 09:21:36,PNB,Intraday,NO-TRADE,59.0,BUY 🟢,107.63,❌ **PNB** REJECTED for Intraday | Score: 66/100 | Votes: 1/4 Reasons: Portfolio risk gate: 🛑 Blocked: Intraday bucket drawdown: -16.7% (limit: -10.0%). Bucket paused — no new entries until losses recover. Existing positions continue unaffected.,WEAK BULL 📈,
2026-06-17 09:21:37,IDFCFIRSTB,—,NO-TRADE,55.0,NEUTRAL ⚪,77.36,Signal is NEUTRAL ⚪ — not a BUY. No action taken.,WEAK BULL 📈,
2026-06-17 09:21:38,FEDERALBNK,—,NO-TRADE,56.0,NEUTRAL ⚪,320.6,Signal is NEUTRAL ⚪ — not a BUY. No action taken.,WEAK BULL 📈,
2026-06-17 09:21:37,Mazagon Dock,Intraday,NO-TRADE,55.0,BUY 🟢,2487.0,❌ **Mazagon Dock** REJECTED for Intraday | Score: 59/100 | Votes: 1/4 Reasons: Portfolio risk gate: 🛑 Blocked: Intraday bucket drawdown: -16.7% (limit: -10.0%). Bucket paused — no new entries until losses recover. Existing positions continue unaffected.,WEAK BULL 📈,
2026-06-17 09:21:38,ITC,Intraday,NO-TRADE,55.0,BUY 🟢,290.6,❌ **ITC** REJECTED for Intraday | Score: 59/100 | Votes: 1/4 Reasons: Portfolio risk gate: 🛑 Blocked: Intraday bucket drawdown: -16.7% (limit: -10.0%). Bucket paused — no new entries until losses recover. Existing positions continue unaffected.,WEAK BULL 📈,
2026-06-17 09:21:39,TMPV,—,NO-TRADE,54.0,BUY 🟢,391.55,"No suitable bucket for TMPV. Score 54/100, 1/4 strategies agree — signal is too weak for any bucket. Wait for a stronger setup.",WEAK BULL 📈,
2026-06-17 09:21:40,JINDAL STEEL,—,NO-TRADE,47.0,NEUTRAL ⚪,1127.4,Score 47/100 below minimum 50/100. No bucket would accept this.,WEAK BULL 📈,
2026-06-17 09:21:40,Rail Vikas Nigam,—,NO-TRADE,49.0,SELL 🔴,240.27,Score 49/100 below minimum 50/100. No bucket would accept this.,WEAK BULL 📈,
2026-06-17 09:21:41,Cochin Shipyard,—,NO-TRADE,53.0,NEUTRAL ⚪,1439.7,Signal is NEUTRAL ⚪ — not a BUY. No action taken.,WEAK BULL 📈,
2026-06-17 09:21:41,KOTAKBANK,Intraday,NO-TRADE,58.0,BUY 🟢,408.0,❌ **KOTAKBANK** REJECTED for Intraday | Score: 66/100 | Votes: 1/4 Reasons: Portfolio risk gate: 🛑 Blocked: Intraday bucket drawdown: -16.7% (limit: -10.0%). Bucket paused — no new entries until losses recover. Existing positions continue unaffected.,WEAK BULL 📈,
2026-06-17 09:21:41,BANDHANBNK,Intraday,NO-TRADE,60.0,BUY 🟢,214.33,❌ **BANDHANBNK** REJECTED for Intraday | Score: 69/100 | Votes: 1/4 Reasons: Portfolio risk gate: 🛑 Blocked: Intraday bucket drawdown: -16.7% (limit: -10.0%). Bucket paused — no new entries until losses recover. Existing positions continue unaffected.,WEAK BULL 📈,
2026-06-17 09:21:44,Bharat Dynamics,Intraday,NO-TRADE,55.0,BUY 🟢,1239.0,❌ **Bharat Dynamics** REJECTED for Intraday | Score: 57/100 | Votes: 1/4 Reasons: Portfolio risk gate: 🛑 Blocked: Intraday bucket drawdown: -16.7% (limit: -10.0%). Bucket paused — no new entries until losses recover. Existing positions continue unaffected.,WEAK BULL 📈,
2026-06-17 09:21:45,BAJFINANCE,Intraday,NO-TRADE,59.0,BUY 🟢,953.0,❌ **BAJFINANCE** REJECTED for Intraday | Score: 67/100 | Votes: 1/4 Reasons: Portfolio risk gate: 🛑 Blocked: Intraday bucket drawdown: -16.7% (limit: -10.0%). Bucket paused — no new entries until losses recover. Existing positions continue unaffected.,WEAK BULL 📈,
2026-06-17 09:21:45,INDUSINDBK,Intraday,NO-TRADE,58.0,BUY 🟢,926.6,❌ **INDUSINDBK** REJECTED for Intraday | Score: 64/100 | Votes: 1/4 Reasons: Portfolio risk gate: 🛑 Blocked: Intraday bucket drawdown: -16.7% (limit: -10.0%). Bucket paused — no new entries until losses recover. Existing positions continue unaffected.,WEAK BULL 📈,
2026-06-17 09:21:46,WIPRO,—,NO-TRADE,44.0,SELL 🔴,184.75,Score 44/100 below minimum 50/100. No bucket would accept this.,WEAK BULL 📈,
2026-06-17 09:21:46,GRASIM,—,NO-TRADE,53.0,BUY 🟢,3146.0,"No suitable bucket for GRASIM. Score 53/100, 1/4 strategies agree — signal is too weak for any bucket. Wait for a stronger setup.",WEAK BULL 📈,
2026-06-17 09:21:47,BERGEPAINT,—,NO-TRADE,52.0,BUY 🟢,518.2,"No suitable bucket for BERGEPAINT. Score 52/100, 1/4 strategies agree — signal is too weak for any bucket. Wait for a stronger setup.",WEAK BULL 📈,
2026-06-17 09:21:47,TVS Motors,Intraday,NO-TRADE,55.0,BUY 🟢,3446.3,❌ **TVS Motors** REJECTED for Intraday | Score: 59/100 | Votes: 1/4 Reasons: Portfolio risk gate: 🛑 Blocked: Intraday bucket drawdown: -16.7% (limit: -10.0%). Bucket paused — no new entries until losses recover. Existing positions continue unaffected.,WEAK BULL 📈,
2026-06-17 09:21:48,BHEL,—,NO-TRADE,45.0,SELL 🔴,383.65,Score 45/100 below minimum 50/100. No bucket would accept this.,WEAK BULL 📈,
2026-06-17 09:21:48,IRCTC,—,NO-TRADE,50.0,SELL 🔴,520.55,Signal is SELL 🔴 — not a BUY. No action taken.,WEAK BULL 📈,
2026-06-17 09:21:48,AXISBANK,Intraday,NO-TRADE,59.0,BUY 🟢,1358.2,❌ **AXISBANK** REJECTED for Intraday | Score: 66/100 | Votes: 1/4 Reasons: Portfolio risk gate: 🛑 Blocked: Intraday bucket drawdown: -16.7% (limit: -10.0%). Bucket paused — no new entries until losses recover. Existing positions continue unaffected.,WEAK BULL 📈,
2026-06-17 09:21:49,ABB,—,NO-TRADE,53.0,BUY 🟢,7043.0,"No suitable bucket for ABB. Score 53/100, 1/4 strategies agree — signal is too weak for any bucket. Wait for a stronger setup.",WEAK BULL 📈,
2026-06-17 09:21:50,TORNTPOWER,—,NO-TRADE,51.0,NEUTRAL ⚪,1406.0,Signal is NEUTRAL ⚪ — not a BUY. No action taken.,WEAK BULL 📈,
2026-06-17 09:21:51,TATAPOWER,—,NO-TRADE,48.0,NEUTRAL ⚪,400.8,Score 48/100 below minimum 50/100. No bucket would accept this.,WEAK BULL 📈,
2026-06-17 09:21:51,DMART,Intraday,NO-TRADE,55.0,BUY 🟢,4233.6,❌ **DMART** REJECTED for Intraday | Score: 62/100 | Votes: 1/4 Reasons: Portfolio risk gate: 🛑 Blocked: Intraday bucket drawdown: -16.7% (limit: -10.0%). Bucket paused — no new entries until losses recover. Existing positions continue unaffected.,WEAK BULL 📈,
2026-06-17 09:21:52,ASIANPAINT,Intraday,NO-TRADE,56.0,BUY 🟢,2752.0,❌ **ASIANPAINT** REJECTED for Intraday | Score: 63/100 | Votes: 1/4 Reasons: Portfolio risk gate: 🛑 Blocked: Intraday bucket drawdown: -16.7% (limit: -10.0%). Bucket paused — no new entries until losses recover. Existing positions continue unaffected.,WEAK BULL 📈,
2026-06-17 09:21:52,IDEA,—,NO-TRADE,53.0,BUY 🟢,14.58,"No suitable bucket for IDEA. Score 53/100, 1/4 strategies agree — signal is too weak for any bucket. Wait for a stronger setup.",WEAK BULL 📈,
2026-06-17 09:21:54,MPHASIS,Intraday,NO-TRADE,57.0,BUY 🟢,2327.5,❌ **MPHASIS** REJECTED for Intraday | Score: 61/100 | Votes: 1/4 Reasons: Portfolio risk gate: 🛑 Blocked: Intraday bucket drawdown: -16.7% (limit: -10.0%). Bucket paused — no new entries until losses recover. Existing positions continue unaffected.,WEAK BULL 📈,
2026-06-17 09:21:55,MARUTI,Intraday,NO-TRADE,59.0,BUY 🟢,13661.0,❌ **MARUTI** REJECTED for Intraday | Score: 69/100 | Votes: 1/4 Reasons: Portfolio risk gate: 🛑 Blocked: Intraday bucket drawdown: -16.7% (limit: -10.0%). Bucket paused — no new entries until losses recover. Existing positions continue unaffected.,WEAK BULL 📈,
2026-06-17 09:21:55,VBL,—,NO-TRADE,52.0,BUY 🟢,543.8,"No suitable bucket for VBL. Score 52/100, 1/4 strategies agree — signal is too weak for any bucket. Wait for a stronger setup.",WEAK BULL 📈,
2026-06-17 09:21:56,Garden Reach Shipbuilders,Intraday,NO-TRADE,55.0,BUY 🟢,2701.2,❌ **Garden Reach Shipbuilders** REJECTED for Intraday | Score: 59/100 | Votes: 1/4 Reasons: Portfolio risk gate: 🛑 Blocked: Intraday bucket drawdown: -16.7% (limit: -10.0%). Bucket paused — no new entries until losses recover. Existing positions continue unaffected.,WEAK BULL 📈,
2026-06-17 09:21:57,HAL,—,NO-TRADE,46.0,SELL 🔴,4275.0,Score 46/100 below minimum 50/100. No bucket would accept this.,WEAK BULL 📈,
2026-06-17 09:21:57,BEL,—,NO-TRADE,51.0,SELL 🔴,406.4,Signal is SELL 🔴 — not a BUY. No action taken.,WEAK BULL 📈,
2026-06-17 09:21:58,TITAN,Intraday,NO-TRADE,57.0,BUY 🟢,4331.8,❌ **TITAN** REJECTED for Intraday | Score: 64/100 | Votes: 1/4 Reasons: Portfolio risk gate: 🛑 Blocked: Intraday bucket drawdown: -16.7% (limit: -10.0%). Bucket paused — no new entries until losses recover. Existing positions continue unaffected.,WEAK BULL 📈,
2026-06-17 09:21:58,INDIGO,Intraday,NO-TRADE,58.0,BUY 🟢,4876.2,❌ **INDIGO** REJECTED for Intraday | Score: 66/100 | Votes: 1/4 Reasons: Portfolio risk gate: 🛑 Blocked: Intraday bucket drawdown: -16.7% (limit: -10.0%). Bucket paused — no new entries until losses recover. Existing positions continue unaffected.,WEAK BULL 📈,
2026-06-17 09:21:59,SUNPHARMA,—,NO-TRADE,52.0,BUY 🟢,1811.1,"No suitable bucket for SUNPHARMA. Score 52/100, 1/4 strategies agree — signal is too weak for any bucket. Wait for a stronger setup.",WEAK BULL 📈,
2026-06-17 09:21:59,ADANIGREEN,—,NO-TRADE,54.0,BUY 🟢,1471.1,"No suitable bucket for ADANIGREEN. Score 54/100, 1/4 strategies agree — signal is too weak for any bucket. Wait for a stronger setup.",WEAK BULL 📈,
2026-06-17 09:22:00,IREDA,Intraday,NO-TRADE,58.0,STRONG BUY 🟢🟢,125.74,❌ **IREDA** REJECTED for Intraday | Score: 59/100 | Votes: 2/4 Reasons: Portfolio risk gate: 🛑 Blocked: Intraday bucket drawdown: -16.7% (limit: -10.0%). Bucket paused — no new entries until losses recover. Existing positions continue unaffected.,WEAK BULL 📈,
2026-06-17 09:22:01,Oil India,—,NO-TRADE,48.0,NEUTRAL ⚪,416.6,Score 48/100 below minimum 50/100. No bucket would accept this.,WEAK BULL 📈,
2026-06-17 09:22:03,ULTRACEMCO,Intraday,NO-TRADE,56.0,BUY 🟢,11375.0,❌ **ULTRACEMCO** REJECTED for Intraday | Score: 59/100 | Votes: 1/4 Reasons: Portfolio risk gate: 🛑 Blocked: Intraday bucket drawdown: -16.7% (limit: -10.0%). Bucket paused — no new entries until losses recover. Existing positions continue unaffected.,WEAK BULL 📈,
2026-06-17 09:22:03,NYKAA,Intraday,NO-TRADE,57.0,BUY 🟢,278.2,❌ **NYKAA** REJECTED for Intraday | Score: 64/100 | Votes: 1/4 Reasons: Portfolio risk gate: 🛑 Blocked: Intraday bucket drawdown: -16.7% (limit: -10.0%). Bucket paused — no new entries until losses recover. Existing positions continue unaffected.,WEAK BULL 📈,
2026-06-17 09:22:04,NESTLEIND,—,NO-TRADE,45.0,SELL 🔴,1390.9,Score 45/100 below minimum 50/100. No bucket would accept this.,WEAK BULL 📈,
2026-06-17 09:22:04,Eternal (formerly Zomato),Intraday,NO-TRADE,59.0,STRONG BUY 🟢🟢,253.75,❌ **Eternal (formerly Zomato)** REJECTED for Intraday | Score: 64/100 | Votes: 2/4 Reasons: Portfolio risk gate: 🛑 Blocked: Intraday bucket drawdown: -16.7% (limit: -10.0%). Bucket paused — no new entries until losses recover. Existing positions continue unaffected.,WEAK BULL 📈,
2026-06-17 09:22:05,ADANIENT,—,NO-TRADE,54.0,BUY 🟢,2941.9,"No suitable bucket for ADANIENT. Score 54/100, 1/4 strategies agree — signal is too weak for any bucket. Wait for a stronger setup.",WEAK BULL 📈,
2026-06-17 09:22:06,ADANIPORTS,—,NO-TRADE,53.0,BUY 🟢,1813.4,"No suitable bucket for ADANIPORTS. Score 53/100, 1/4 strategies agree — signal is too weak for any bucket. Wait for a stronger setup.",WEAK BULL 📈,
2026-06-17 09:22:07,POWERGRID,—,NO-TRADE,53.0,NEUTRAL ⚪,284.6,Signal is NEUTRAL ⚪ — not a BUY. No action taken.,WEAK BULL 📈,
2026-06-17 09:22:07,NTPC,—,NO-TRADE,46.0,NEUTRAL ⚪,354.1,Score 46/100 below minimum 50/100. No bucket would accept this.,WEAK BULL 📈,
2026-06-17 09:22:08,COLPAL,Intraday,NO-TRADE,59.0,STRONG BUY 🟢🟢,2075.0,❌ **COLPAL** REJECTED for Intraday | Score: 64/100 | Votes: 2/4 Reasons: Portfolio risk gate: 🛑 Blocked: Intraday bucket drawdown: -16.7% (limit: -10.0%). Bucket paused — no new entries until losses recover. Existing positions continue unaffected.,WEAK BULL 📈,
2026-06-17 09:22:08,ONGC,—,NO-TRADE,47.0,NEUTRAL ⚪,247.15,Score 47/100 below minimum 50/100. No bucket would accept this.,WEAK BULL 📈,
2026-06-17 09:22:08,IRFC,Intraday,NO-TRADE,55.0,BUY 🟢,97.86,❌ **IRFC** REJECTED for Intraday | Score: 59/100 | Votes: 1/4 Reasons: Portfolio risk gate: 🛑 Blocked: Intraday bucket drawdown: -16.7% (limit: -10.0%). Bucket paused — no new entries until losses recover. Existing positions continue unaffected.,WEAK BULL 📈,
2026-06-17 09:22:09,SBILIFE,—,NO-TRADE,46.0,SELL 🔴,1766.9,Score 46/100 below minimum 50/100. No bucket would accept this.,WEAK BULL 📈,
2026-06-17 09:22:09,COALINDIA,—,NO-TRADE,44.0,SELL 🔴,449.6,Score 44/100 below minimum 50/100. No bucket would accept this.,WEAK BULL 📈,
2026-06-17 09:22:10,ICICIPRULI,—,NO-TRADE,51.0,SELL 🔴,491.35,Signal is SELL 🔴 — not a BUY. No action taken.,WEAK BULL 📈,
2026-06-17 09:22:11,DIVISLAB,—,NO-TRADE,54.0,STRONG BUY 🟢🟢,6732.0,"No suitable bucket for DIVISLAB. Score 54/100, 2/4 strategies agree — signal is too weak for any bucket. Wait for a stronger setup.",WEAK BULL 📈,
2026-06-17 09:22:12,PIDILITIND,—,NO-TRADE,53.0,SELL 🔴,1571.1,Signal is SELL 🔴 — not a BUY. No action taken.,WEAK BULL 📈,
2026-06-17 09:22:12,HAVELLS,Intraday,NO-TRADE,55.0,BUY 🟢,1189.3,❌ **HAVELLS** REJECTED for Intraday | Score: 59/100 | Votes: 1/4 Reasons: Portfolio risk gate: 🛑 Blocked: Intraday bucket drawdown: -16.7% (limit: -10.0%). Bucket paused — no new entries until losses recover. Existing positions continue unaffected.,WEAK BULL 📈,
2026-06-17 09:22:13,TMCV,Intraday,NO-TRADE,58.0,BUY 🟢,402.25,❌ **TMCV** REJECTED for Intraday | Score: 66/100 | Votes: 1/4 Reasons: Portfolio risk gate: 🛑 Blocked: Intraday bucket drawdown: -16.7% (limit: -10.0%). Bucket paused — no new entries until losses recover. Existing positions continue unaffected.,WEAK BULL 📈,
2026-06-17 09:22:13,CIPLA,—,NO-TRADE,50.0,SELL 🔴,1366.3,Signal is SELL 🔴 — not a BUY. No action taken.,WEAK BULL 📈,
2026-06-17 09:22:14,TATASTEEL,—,NO-TRADE,47.0,NEUTRAL ⚪,195.97,Score 47/100 below minimum 50/100. No bucket would accept this.,WEAK BULL 📈,
2026-06-17 09:22:15,APOLLOHOSP,—,NO-TRADE,53.0,BUY 🟢,8426.0,"No suitable bucket for APOLLOHOSP. Score 53/100, 1/4 strategies agree — signal is too weak for any bucket. Wait for a stronger setup.",WEAK BULL 📈,
2026-06-17 09:22:16,BAJAJ-AUTO,—,NO-TRADE,48.0,NEUTRAL ⚪,9970.0,Score 48/100 below minimum 50/100. No bucket would accept this.,WEAK BULL 📈,
2026-06-17 09:22:16,TRENT,Intraday,NO-TRADE,59.0,BUY 🟢,2933.1,❌ **TRENT** REJECTED for Intraday | Score: 69/100 | Votes: 1/4 Reasons: Portfolio risk gate: 🛑 Blocked: Intraday bucket drawdown: -16.7% (limit: -10.0%). Bucket paused — no new entries until losses recover. Existing positions continue unaffected.,WEAK BULL 📈,
2026-06-17 09:22:18,HCLTECH,Intraday,NO-TRADE,55.0,BUY 🟢,1165.6,❌ **HCLTECH** REJECTED for Intraday | Score: 57/100 | Votes: 1/4 Reasons: Portfolio risk gate: 🛑 Blocked: Intraday bucket drawdown: -16.7% (limit: -10.0%). Bucket paused — no new entries until losses recover. Existing positions continue unaffected.,WEAK BULL 📈,
2026-06-17 09:22:18,JSWSTEEL,—,NO-TRADE,44.0,STRONG SELL 🔴🔴,1273.9,Score 44/100 below minimum 50/100. No bucket would accept this.,WEAK BULL 📈,
2026-06-17 09:22:19,PAGEIND,Intraday,NO-TRADE,58.0,BUY 🟢,39135.0,❌ **PAGEIND** REJECTED for Intraday | Score: 66/100 | Votes: 1/4 Reasons: Portfolio risk gate: 🛑 Blocked: Intraday bucket drawdown: -16.7% (limit: -10.0%). Bucket paused — no new entries until losses recover. Existing positions continue unaffected.,WEAK BULL 📈,
2026-06-17 09:22:19,HEROMOTOCO,Intraday,NO-TRADE,55.0,BUY 🟢,5001.2,❌ **HEROMOTOCO** REJECTED for Intraday | Score: 59/100 | Votes: 1/4 Reasons: Portfolio risk gate: 🛑 Blocked: Intraday bucket drawdown: -16.7% (limit: -10.0%). Bucket paused — no new entries until losses recover. Existing positions continue unaffected.,WEAK BULL 📈,
2026-06-17 09:22:20,POLYCAB,—,NO-TRADE,53.0,BUY 🟢,9666.5,"No suitable bucket for POLYCAB. Score 53/100, 1/4 strategies agree — signal is too weak for any bucket. Wait for a stronger setup.",WEAK BULL 📈,
2026-06-17 09:22:21,RELIANCE,Intraday,NO-TRADE,56.0,BUY 🟢,1321.7,❌ **RELIANCE** REJECTED for Intraday | Score: 59/100 | Votes: 1/4 Reasons: Portfolio risk gate: 🛑 Blocked: Intraday bucket drawdown: -16.7% (limit: -10.0%). Bucket paused — no new entries until losses recover. Existing positions continue unaffected.,WEAK BULL 📈,
2026-06-17 09:22:21,VOLTAS,—,NO-TRADE,54.0,NEUTRAL ⚪,1357.0,Signal is NEUTRAL ⚪ — not a BUY. No action taken.,WEAK BULL 📈,
2026-06-17 09:22:22,TCS,—,NO-TRADE,50.0,NEUTRAL ⚪,2222.2,Signal is NEUTRAL ⚪ — not a BUY. No action taken.,WEAK BULL 📈,
2026-06-17 09:22:22,BAJAJFINSV,Intraday,NO-TRADE,55.0,BUY 🟢,1784.0,❌ **BAJAJFINSV** REJECTED for Intraday | Score: 59/100 | Votes: 1/4 Reasons: Portfolio risk gate: 🛑 Blocked: Intraday bucket drawdown: -16.7% (limit: -10.0%). Bucket paused — no new entries until losses recover. Existing positions continue unaffected.,WEAK BULL 📈,
2026-06-17 09:22:23,EICHERMOT,Intraday,NO-TRADE,60.0,BUY 🟢,7522.5,❌ **EICHERMOT** REJECTED for Intraday | Score: 69/100 | Votes: 1/4 Reasons: Portfolio risk gate: 🛑 Blocked: Intraday bucket drawdown: -16.7% (limit: -10.0%). Bucket paused — no new entries until losses recover. Existing positions continue unaffected.,WEAK BULL 📈,
2026-06-17 09:22:23,TATACONSUM,—,NO-TRADE,48.0,NEUTRAL ⚪,1124.7,Score 48/100 below minimum 50/100. No bucket would accept this.,WEAK BULL 📈,
2026-06-17 09:22:24,UBL,Intraday,NO-TRADE,56.0,BUY 🟢,1332.5,❌ **UBL** REJECTED for Intraday | Score: 59/100 | Votes: 1/4 Reasons: Portfolio risk gate: 🛑 Blocked: Intraday bucket drawdown: -16.7% (limit: -10.0%). Bucket paused — no new entries until losses recover. Existing positions continue unaffected.,WEAK BULL 📈,
2026-06-17 09:22:25,LT,Intraday,NO-TRADE,59.0,BUY 🟢,4181.9,❌ **LT** REJECTED for Intraday | Score: 69/100 | Votes: 1/4 Reasons: Portfolio risk gate: 🛑 Blocked: Intraday bucket drawdown: -16.7% (limit: -10.0%). Bucket paused — no new entries until losses recover. Existing positions continue unaffected.,WEAK BULL 📈,
2026-06-17 09:22:26,HDFCBANK,Intraday,NO-TRADE,57.0,BUY 🟢,785.8,❌ **HDFCBANK** REJECTED for Intraday | Score: 64/100 | Votes: 1/4 Reasons: Portfolio risk gate: 🛑 Blocked: Intraday bucket drawdown: -16.7% (limit: -10.0%). Bucket paused — no new entries until losses recover. Existing positions continue unaffected.,WEAK BULL 📈,
2026-06-17 09:22:27,BRITANNIA,Intraday,NO-TRADE,58.0,BUY 🟢,5201.5,❌ **BRITANNIA** REJECTED for Intraday | Score: 65/100 | Votes: 1/4 Reasons: Portfolio risk gate: 🛑 Blocked: Intraday bucket drawdown: -16.7% (limit: -10.0%). Bucket paused — no new entries until losses recover. Existing positions continue unaffected.,WEAK BULL 📈,
2026-06-17 09:22:27,INFY,—,NO-TRADE,51.0,BUY 🟢,1156.8,"No suitable bucket for INFY. Score 51/100, 1/4 strategies agree — signal is too weak for any bucket. Wait for a stronger setup.",WEAK BULL 📈,
2026-06-17 09:22:27,DRREDDY,—,NO-TRADE,49.0,NEUTRAL ⚪,1271.3,Score 49/100 below minimum 50/100. No bucket would accept this.,WEAK BULL 📈,
2026-06-17 09:22:27,BATAINDIA,Intraday,NO-TRADE,56.0,BUY 🟢,677.55,❌ **BATAINDIA** REJECTED for Intraday | Score: 59/100 | Votes: 1/4 Reasons: Portfolio risk gate: 🛑 Blocked: Intraday bucket drawdown: -16.7% (limit: -10.0%). Bucket paused — no new entries until losses recover. Existing positions continue unaffected.,WEAK BULL 📈,
2026-06-17 09:22:28,SIEMENS,—,NO-TRADE,49.0,NEUTRAL ⚪,3643.0,Score 49/100 below minimum 50/100. No bucket would accept this.,WEAK BULL 📈,
2026-06-17 09:22:28,M&M,Intraday,NO-TRADE,59.0,STRONG BUY 🟢🟢,3129.0,❌ **M&M** REJECTED for Intraday | Score: 64/100 | Votes: 2/4 Reasons: Portfolio risk gate: 🛑 Blocked: Intraday bucket drawdown: -16.7% (limit: -10.0%). Bucket paused — no new entries until losses recover. Existing positions continue unaffected.,WEAK BULL 📈,
2026-06-17 09:22:28,TECHM,—,NO-TRADE,44.0,SELL 🔴,1464.7,Score 44/100 below minimum 50/100. No bucket would accept this.,WEAK BULL 📈,
2026-06-17 09:22:29,Jindal Stainless,—,NO-TRADE,54.0,BUY 🟢,711.7,"No suitable bucket for Jindal Stainless. Score 54/100, 1/4 strategies agree — signal is too weak for any bucket. Wait for a stronger setup.",WEAK BULL 📈,
2026-06-17 09:22:30,HDFCLIFE,—,NO-TRADE,52.0,NEUTRAL ⚪,575.4,Signal is NEUTRAL ⚪ — not a BUY. No action taken.,WEAK BULL 📈,
2026-06-17 09:22:31,ICICIBANK,Intraday,NO-TRADE,58.0,BUY 🟢,1339.6,❌ **ICICIBANK** REJECTED for Intraday | Score: 66/100 | Votes: 1/4 Reasons: Portfolio risk gate: 🛑 Blocked: Intraday bucket drawdown: -16.7% (limit: -10.0%). Bucket paused — no new entries until losses recover. Existing positions continue unaffected.,WEAK BULL 📈,
2026-06-17 09:22:31,RailTel,Intraday,NO-TRADE,57.0,BUY 🟢,325.8,❌ **RailTel** REJECTED for Intraday | Score: 62/100 | Votes: 1/4 Reasons: Portfolio risk gate: 🛑 Blocked: Intraday bucket drawdown: -16.7% (limit: -10.0%). Bucket paused — no new entries until losses recover. Existing positions continue unaffected.,WEAK BULL 📈,
2026-06-17 09:22:32,Mazagon Dock,Intraday,NO-TRADE,55.0,BUY 🟢,2487.6,❌ **Mazagon Dock** REJECTED for Intraday | Score: 59/100 | Votes: 1/4 Reasons: Portfolio risk gate: 🛑 Blocked: Intraday bucket drawdown: -16.7% (limit: -10.0%). Bucket paused — no new entries until losses recover. Existing positions continue unaffected.,WEAK BULL 📈,
2026-06-17 09:22:33,PFC,Intraday,NO-TRADE,56.0,BUY 🟢,427.8,❌ **PFC** REJECTED for Intraday | Score: 59/100 | Votes: 1/4 Reasons: Portfolio risk gate: 🛑 Blocked: Intraday bucket drawdown: -16.7% (limit: -10.0%). Bucket paused — no new entries until losses recover. Existing positions continue unaffected.,WEAK BULL 📈,
2026-06-17 09:22:33,TMPV,—,NO-TRADE,54.0,BUY 🟢,391.5,"No suitable bucket for TMPV. Score 54/100, 1/4 strategies agree — signal is too weak for any bucket. Wait for a stronger setup.",WEAK BULL 📈,
2026-06-17 09:22:34,HINDUNILVR,Intraday,NO-TRADE,55.0,BUY 🟢,2204.1,❌ **HINDUNILVR** REJECTED for Intraday | Score: 59/100 | Votes: 1/4 Reasons: Portfolio risk gate: 🛑 Blocked: Intraday bucket drawdown: -16.7% (limit: -10.0%). Bucket paused — no new entries until losses recover. Existing positions continue unaffected.,WEAK BULL 📈,
2026-06-17 09:22:34,JINDAL STEEL,—,NO-TRADE,47.0,NEUTRAL ⚪,1127.4,Score 47/100 below minimum 50/100. No bucket would accept this.,WEAK BULL 📈,
2026-06-17 09:22:35,Lupin,Intraday,NO-TRADE,55.0,BUY 🟢,2277.8,❌ **Lupin** REJECTED for Intraday | Score: 59/100 | Votes: 1/4 Reasons: Portfolio risk gate: 🛑 Blocked: Intraday bucket drawdown: -16.7% (limit: -10.0%). Bucket paused — no new entries until losses recover. Existing positions continue unaffected.,WEAK BULL 📈,
2026-06-17 09:22:35,SBIN,—,NO-TRADE,56.0,NEUTRAL ⚪,1015.75,Signal is NEUTRAL ⚪ — not a BUY. No action taken.,WEAK BULL 📈,
2026-06-17 09:22:35,Rail Vikas Nigam,—,NO-TRADE,49.0,SELL 🔴,240.37,Score 49/100 below minimum 50/100. No bucket would accept this.,WEAK BULL 📈,
2026-06-17 09:22:36,RECLTD,Intraday,NO-TRADE,59.0,BUY 🟢,355.2,❌ **RECLTD** REJECTED for Intraday | Score: 67/100 | Votes: 1/4 Reasons: Portfolio risk gate: 🛑 Blocked: Intraday bucket drawdown: -16.7% (limit: -10.0%). Bucket paused — no new entries until losses recover. Existing positions continue unaffected.,WEAK BULL 📈,
2026-06-17 09:22:36,Torrent Pharma,—,NO-TRADE,45.0,STRONG SELL 🔴🔴,4446.0,Score 45/100 below minimum 50/100. No bucket would accept this.,WEAK BULL 📈,
2026-06-17 09:22:37,Cochin Shipyard,—,NO-TRADE,53.0,NEUTRAL ⚪,1438.2,Signal is NEUTRAL ⚪ — not a BUY. No action taken.,WEAK BULL 📈,
2026-06-17 09:22:39,BHARTIARTL,Intraday,NO-TRADE,55.0,BUY 🟢,1845.4,❌ **BHARTIARTL** REJECTED for Intraday | Score: 59/100 | Votes: 1/4 Reasons: Portfolio risk gate: 🛑 Blocked: Intraday bucket drawdown: -16.7% (limit: -10.0%). Bucket paused — no new entries until losses recover. Existing positions continue unaffected.,WEAK BULL 📈,
2026-06-17 09:22:40,SHRIRAMFIN,Intraday,NO-TRADE,59.0,BUY 🟢,1009.0,❌ **SHRIRAMFIN** REJECTED for Intraday | Score: 69/100 | Votes: 1/4 Reasons: Portfolio risk gate: 🛑 Blocked: Intraday bucket drawdown: -16.7% (limit: -10.0%). Bucket paused — no new entries until losses recover. Existing positions continue unaffected.,WEAK BULL 📈,
2026-06-17 09:22:40,Gujarat Pipavav Port,Intraday,NO-TRADE,57.0,STRONG BUY 🟢🟢,156.48,❌ **Gujarat Pipavav Port** REJECTED for Intraday | Score: 59/100 | Votes: 2/4 Reasons: Portfolio risk gate: 🛑 Blocked: Intraday bucket drawdown: -16.7% (limit: -10.0%). Bucket paused — no new entries until losses recover. Existing positions continue unaffected.,WEAK BULL 📈,
2026-06-17 09:22:40,Bharat Dynamics,Intraday,NO-TRADE,55.0,BUY 🟢,1238.6,❌ **Bharat Dynamics** REJECTED for Intraday | Score: 57/100 | Votes: 1/4 Reasons: Portfolio risk gate: 🛑 Blocked: Intraday bucket drawdown: -16.7% (limit: -10.0%). Bucket paused — no new entries until losses recover. Existing positions continue unaffected.,WEAK BULL 📈,
2026-06-17 09:22:41,Amara Raja Energy,—,NO-TRADE,52.0,BUY 🟢,854.6,"No suitable bucket for Amara Raja Energy. Score 52/100, 1/4 strategies agree — signal is too weak for any bucket. Wait for a stronger setup.",WEAK BULL 📈,
2026-06-17 09:22:43,ITC,Intraday,NO-TRADE,55.0,BUY 🟢,290.5,❌ **ITC** REJECTED for Intraday | Score: 59/100 | Votes: 1/4 Reasons: Portfolio risk gate: 🛑 Blocked: Intraday bucket drawdown: -16.7% (limit: -10.0%). Bucket paused — no new entries until losses recover. Existing positions continue unaffected.,WEAK BULL 📈,
2026-06-17 09:22:43,CHOLAFIN,Intraday,NO-TRADE,58.0,BUY 🟢,1686.2,❌ **CHOLAFIN** REJECTED for Intraday | Score: 66/100 | Votes: 1/4 Reasons: Portfolio risk gate: 🛑 Blocked: Intraday bucket drawdown: -16.7% (limit: -10.0%). Bucket paused — no new entries until losses recover. Existing positions continue unaffected.,WEAK BULL 📈,
2026-06-17 09:22:44,MUTHOOTFIN,—,NO-TRADE,49.0,SELL 🔴,3152.0,Score 49/100 below minimum 50/100. No bucket would accept this.,WEAK BULL 📈,
2026-06-17 09:22:44,TVS Motors,Intraday,NO-TRADE,55.0,BUY 🟢,3444.1,❌ **TVS Motors** REJECTED for Intraday | Score: 59/100 | Votes: 1/4 Reasons: Portfolio risk gate: 🛑 Blocked: Intraday bucket drawdown: -16.7% (limit: -10.0%). Bucket paused — no new entries until losses recover. Existing positions continue unaffected.,WEAK BULL 📈,
2026-06-17 09:22:45,Bank of India,Intraday,NO-TRADE,59.0,BUY 🟢,145.46,❌ **Bank of India** REJECTED for Intraday | Score: 66/100 | Votes: 1/4 Reasons: Portfolio risk gate: 🛑 Blocked: Intraday bucket drawdown: -16.7% (limit: -10.0%). Bucket paused — no new entries until losses recover. Existing positions continue unaffected.,WEAK BULL 📈,
2026-06-17 09:22:45,IRCTC,—,NO-TRADE,50.0,SELL 🔴,520.35,Signal is SELL 🔴 — not a BUY. No action taken.,WEAK BULL 📈,
2026-06-17 09:22:46,KOTAKBANK,Intraday,NO-TRADE,58.0,BUY 🟢,407.9,❌ **KOTAKBANK** REJECTED for Intraday | Score: 66/100 | Votes: 1/4 Reasons: Portfolio risk gate: 🛑 Blocked: Intraday bucket drawdown: -16.7% (limit: -10.0%). Bucket paused — no new entries until losses recover. Existing positions continue unaffected.,WEAK BULL 📈,
2026-06-17 09:22:46,Credo Brands,—,NO-TRADE,54.0,BUY 🟢,88.04,"No suitable bucket for Credo Brands. Score 54/100, 1/4 strategies agree — signal is too weak for any bucket. Wait for a stronger setup.",WEAK BULL 📈,
2026-06-17 09:22:47,Tata Communications,—,NO-TRADE,49.0,SELL 🔴,1913.9,Score 49/100 below minimum 50/100. No bucket would accept this.,WEAK BULL 📈,
2026-06-17 09:22:47,CANBK,Intraday,NO-TRADE,60.0,BUY 🟢,132.73,❌ **CANBK** REJECTED for Intraday | Score: 69/100 | Votes: 1/4 Reasons: Portfolio risk gate: 🛑 Blocked: Intraday bucket drawdown: -16.7% (limit: -10.0%). Bucket paused — no new entries until losses recover. Existing positions continue unaffected.,WEAK BULL 📈,
2026-06-17 09:22:48,Container Corp,—,NO-TRADE,49.0,SELL 🔴,464.2,Score 49/100 below minimum 50/100. No bucket would accept this.,WEAK BULL 📈,
2026-06-17 09:22:49,PERSISTENT,—,NO-TRADE,44.0,SELL 🔴,5062.0,Score 44/100 below minimum 50/100. No bucket would accept this.,WEAK BULL 📈,
2026-06-17 09:22:49,BAJFINANCE,Intraday,NO-TRADE,59.0,BUY 🟢,953.2,❌ **BAJFINANCE** REJECTED for Intraday | Score: 67/100 | Votes: 1/4 Reasons: Portfolio risk gate: 🛑 Blocked: Intraday bucket drawdown: -16.7% (limit: -10.0%). Bucket paused — no new entries until losses recover. Existing positions continue unaffected.,WEAK BULL 📈,
2026-06-17 09:22:49,DMART,Intraday,NO-TRADE,55.0,BUY 🟢,4236.1,❌ **DMART** REJECTED for Intraday | Score: 62/100 | Votes: 1/4 Reasons: Portfolio risk gate: 🛑 Blocked: Intraday bucket drawdown: -16.7% (limit: -10.0%). Bucket paused — no new entries until losses recover. Existing positions continue unaffected.,WEAK BULL 📈,
2026-06-17 09:22:50,VEDL,—,NO-TRADE,53.0,NEUTRAL ⚪,297.95,Signal is NEUTRAL ⚪ — not a BUY. No action taken.,WEAK BULL 📈,
2026-06-17 09:22:50,WIPRO,—,NO-TRADE,44.0,SELL 🔴,184.7,Score 44/100 below minimum 50/100. No bucket would accept this.,WEAK BULL 📈,
2026-06-17 09:22:51,IDEA,—,NO-TRADE,53.0,BUY 🟢,14.55,"No suitable bucket for IDEA. Score 53/100, 1/4 strategies agree — signal is too weak for any bucket. Wait for a stronger setup.",WEAK BULL 📈,
2026-06-17 09:22:52,BANKBARODA,Intraday,NO-TRADE,59.0,BUY 🟢,274.55,❌ **BANKBARODA** REJECTED for Intraday | Score: 66/100 | Votes: 1/4 Reasons: Portfolio risk gate: 🛑 Blocked: Intraday bucket drawdown: -16.7% (limit: -10.0%). Bucket paused — no new entries until losses recover. Existing positions continue unaffected.,WEAK BULL 📈,
2026-06-17 09:22:54,AXISBANK,Intraday,NO-TRADE,59.0,BUY 🟢,1357.5,❌ **AXISBANK** REJECTED for Intraday | Score: 66/100 | Votes: 1/4 Reasons: Portfolio risk gate: 🛑 Blocked: Intraday bucket drawdown: -16.7% (limit: -10.0%). Bucket paused — no new entries until losses recover. Existing positions continue unaffected.,WEAK BULL 📈,
2026-06-17 09:22:54,GAIL,Intraday,NO-TRADE,58.0,BUY 🟢,175.68,❌ **GAIL** REJECTED for Intraday | Score: 66/100 | Votes: 1/4 Reasons: Portfolio risk gate: 🛑 Blocked: Intraday bucket drawdown: -16.7% (limit: -10.0%). Bucket paused — no new entries until losses recover. Existing positions continue unaffected.,WEAK BULL 📈,
2026-06-17 09:22:55,HINDALCO,—,NO-TRADE,48.0,NEUTRAL ⚪,974.1,Score 48/100 below minimum 50/100. No bucket would accept this.,WEAK BULL 📈,
2026-06-17 09:22:55,Garden Reach Shipbuilders,Intraday,NO-TRADE,55.0,BUY 🟢,2698.0,❌ **Garden Reach Shipbuilders** REJECTED for Intraday | Score: 59/100 | Votes: 1/4 Reasons: Portfolio risk gate: 🛑 Blocked: Intraday bucket drawdown: -16.7% (limit: -10.0%). Bucket paused — no new entries until losses recover. Existing positions continue unaffected.,WEAK BULL 📈,
2026-06-17 09:22:56,PNB,Intraday,NO-TRADE,60.0,BUY 🟢,107.53,❌ **PNB** REJECTED for Intraday | Score: 69/100 | Votes: 1/4 Reasons: Portfolio risk gate: 🛑 Blocked: Intraday bucket drawdown: -16.7% (limit: -10.0%). Bucket paused — no new entries until losses recover. Existing positions continue unaffected.,WEAK BULL 📈,
2026-06-17 09:22:56,HAL,—,NO-TRADE,46.0,SELL 🔴,4273.0,Score 46/100 below minimum 50/100. No bucket would accept this.,WEAK BULL 📈,
2026-06-17 09:22:57,IDFCFIRSTB,—,NO-TRADE,55.0,NEUTRAL ⚪,77.32,Signal is NEUTRAL ⚪ — not a BUY. No action taken.,WEAK BULL 📈,
2026-06-17 09:22:57,ASIANPAINT,Intraday,NO-TRADE,56.0,BUY 🟢,2755.1,❌ **ASIANPAINT** REJECTED for Intraday | Score: 63/100 | Votes: 1/4 Reasons: Portfolio risk gate: 🛑 Blocked: Intraday bucket drawdown: -16.7% (limit: -10.0%). Bucket paused — no new entries until losses recover. Existing positions continue unaffected.,WEAK BULL 📈,
2026-06-17 09:22:58,BEL,—,NO-TRADE,51.0,SELL 🔴,406.4,Signal is SELL 🔴 — not a BUY. No action taken.,WEAK BULL 📈,
2026-06-17 09:22:58,FEDERALBNK,—,NO-TRADE,56.0,NEUTRAL ⚪,320.25,Signal is NEUTRAL ⚪ — not a BUY. No action taken.,WEAK BULL 📈,
2026-06-17 09:22:59,BPCL,Intraday,NO-TRADE,59.0,BUY 🟢,315.8,❌ **BPCL** REJECTED for Intraday | Score: 69/100 | Votes: 1/4 Reasons: Portfolio risk gate: 🛑 Blocked: Intraday bucket drawdown: -16.7% (limit: -10.0%). Bucket paused — no new entries until losses recover. Existing positions continue unaffected.,WEAK BULL 📈,
2026-06-17 09:23:00,NMDC,—,NO-TRADE,44.0,SELL 🔴,87.63,Score 44/100 below minimum 50/100. No bucket would accept this.,WEAK BULL 📈,
2026-06-17 09:23:01,MARUTI,Intraday,NO-TRADE,59.0,BUY 🟢,13662.0,❌ **MARUTI** REJECTED for Intraday | Score: 69/100 | Votes: 1/4 Reasons: Portfolio risk gate: 🛑 Blocked: Intraday bucket drawdown: -16.7% (limit: -10.0%). Bucket paused — no new entries until losses recover. Existing positions continue unaffected.,WEAK BULL 📈,
2026-06-17 09:23:01,IREDA,Intraday,NO-TRADE,58.0,STRONG BUY 🟢🟢,125.65,❌ **IREDA** REJECTED for Intraday | Score: 59/100 | Votes: 2/4 Reasons: Portfolio risk gate: 🛑 Blocked: Intraday bucket drawdown: -16.7% (limit: -10.0%). Bucket paused — no new entries until losses recover. Existing positions continue unaffected.,WEAK BULL 📈,
2026-06-17 09:23:02,BANDHANBNK,Intraday,NO-TRADE,59.0,BUY 🟢,215.01,❌ **BANDHANBNK** REJECTED for Intraday | Score: 69/100 | Votes: 1/4 Reasons: Portfolio risk gate: 🛑 Blocked: Intraday bucket drawdown: -16.7% (limit: -10.0%). Bucket paused — no new entries until losses recover. Existing positions continue unaffected.,WEAK BULL 📈,
2026-06-17 09:23:02,Oil India,—,NO-TRADE,48.0,NEUTRAL ⚪,416.3,Score 48/100 below minimum 50/100. No bucket would accept this.,WEAK BULL 📈,
2026-06-17 09:23:04,IOC,Intraday,NO-TRADE,58.0,BUY 🟢,146.48,❌ **IOC** REJECTED for Intraday | Score: 67/100 | Votes: 1/4 Reasons: Portfolio risk gate: 🛑 Blocked: Intraday bucket drawdown: -16.7% (limit: -10.0%). Bucket paused — no new entries until losses recover. Existing positions continue unaffected.,WEAK BULL 📈,
2026-06-17 09:23:04,TITAN,Intraday,NO-TRADE,57.0,BUY 🟢,4329.8,❌ **TITAN** REJECTED for Intraday | Score: 64/100 | Votes: 1/4 Reasons: Portfolio risk gate: 🛑 Blocked: Intraday bucket drawdown: -16.7% (limit: -10.0%). Bucket paused — no new entries until losses recover. Existing positions continue unaffected.,WEAK BULL 📈,
2026-06-17 09:23:05,SAIL,—,NO-TRADE,47.0,NEUTRAL ⚪,178.54,Score 47/100 below minimum 50/100. No bucket would accept this.,WEAK BULL 📈,
2026-06-17 09:23:05,INDUSINDBK,Intraday,NO-TRADE,58.0,BUY 🟢,924.2,❌ **INDUSINDBK** REJECTED for Intraday | Score: 64/100 | Votes: 1/4 Reasons: Portfolio risk gate: 🛑 Blocked: Intraday bucket drawdown: -16.7% (limit: -10.0%). Bucket paused — no new entries until losses recover. Existing positions continue unaffected.,WEAK BULL 📈,
2026-06-17 09:23:06,Eternal (formerly Zomato),Intraday,NO-TRADE,59.0,STRONG BUY 🟢🟢,253.65,❌ **Eternal (formerly Zomato)** REJECTED for Intraday | Score: 64/100 | Votes: 2/4 Reasons: Portfolio risk gate: 🛑 Blocked: Intraday bucket drawdown: -16.7% (limit: -10.0%). Bucket paused — no new entries until losses recover. Existing positions continue unaffected.,WEAK BULL 📈,
2026-06-17 09:23:06,SUNPHARMA,—,NO-TRADE,52.0,BUY 🟢,1811.0,"No suitable bucket for SUNPHARMA. Score 52/100, 1/4 strategies agree — signal is too weak for any bucket. Wait for a stronger setup.",WEAK BULL 📈,
2026-06-17 09:23:07,GRASIM,—,NO-TRADE,53.0,BUY 🟢,3145.7,"No suitable bucket for GRASIM. Score 53/100, 1/4 strategies agree — signal is too weak for any bucket. Wait for a stronger setup.",WEAK BULL 📈,
2026-06-17 09:23:08,BERGEPAINT,—,NO-TRADE,52.0,BUY 🟢,518.0,"No suitable bucket for BERGEPAINT. Score 52/100, 1/4 strategies agree — signal is too weak for any bucket. Wait for a stronger setup.",WEAK BULL 📈,
2026-06-17 09:23:09,Delhivery,Intraday,NO-TRADE,55.0,BUY 🟢,450.4,❌ **Delhivery** REJECTED for Intraday | Score: 59/100 | Votes: 1/4 Reasons: Portfolio risk gate: 🛑 Blocked: Intraday bucket drawdown: -16.7% (limit: -10.0%). Bucket paused — no new entries until losses recover. Existing positions continue unaffected.,WEAK BULL 📈,
2026-06-17 09:23:09,BHEL,—,NO-TRADE,45.0,SELL 🔴,384.75,Score 45/100 below minimum 50/100. No bucket would accept this.,WEAK BULL 📈,
2026-06-17 09:23:10,COLPAL,Intraday,NO-TRADE,59.0,STRONG BUY 🟢🟢,2075.6,❌ **COLPAL** REJECTED for Intraday | Score: 64/100 | Votes: 2/4 Reasons: Portfolio risk gate: 🛑 Blocked: Intraday bucket drawdown: -16.7% (limit: -10.0%). Bucket paused — no new entries until losses recover. Existing positions continue unaffected.,WEAK BULL 📈,
2026-06-17 09:23:10,Hindustan Copper,—,NO-TRADE,44.0,SELL 🔴,509.0,Score 44/100 below minimum 50/100. No bucket would accept this.,WEAK BULL 📈,
2026-06-17 09:23:10,ULTRACEMCO,Intraday,NO-TRADE,56.0,BUY 🟢,11358.0,❌ **ULTRACEMCO** REJECTED for Intraday | Score: 59/100 | Votes: 1/4 Reasons: Portfolio risk gate: 🛑 Blocked: Intraday bucket drawdown: -16.7% (limit: -10.0%). Bucket paused — no new entries until losses recover. Existing positions continue unaffected.,WEAK BULL 📈,
2026-06-17 09:23:11,ABB,—,NO-TRADE,53.0,BUY 🟢,7043.0,"No suitable bucket for ABB. Score 53/100, 1/4 strategies agree — signal is too weak for any bucket. Wait for a stronger setup.",WEAK BULL 📈,
2026-06-17 09:23:11,SBILIFE,—,NO-TRADE,46.0,SELL 🔴,1765.5,Score 46/100 below minimum 50/100. No bucket would accept this.,WEAK BULL 📈,
2026-06-17 09:23:11,DEEPAKNTR,—,NO-TRADE,46.0,SELL 🔴,1649.3,Score 46/100 below minimum 50/100. No bucket would accept this.,WEAK BULL 📈,
2026-06-17 09:23:11,NESTLEIND,—,NO-TRADE,45.0,SELL 🔴,1391.7,Score 45/100 below minimum 50/100. No bucket would accept this.,WEAK BULL 📈,
2026-06-17 09:23:12,TORNTPOWER,—,NO-TRADE,51.0,NEUTRAL ⚪,1405.6,Signal is NEUTRAL ⚪ — not a BUY. No action taken.,WEAK BULL 📈,
2026-06-17 09:23:13,DALBHARAT,—,NO-TRADE,51.0,SELL 🔴,1710.8,Signal is SELL 🔴 — not a BUY. No action taken.,WEAK BULL 📈,
2026-06-17 09:23:13,ADANIENT,—,NO-TRADE,54.0,BUY 🟢,2941.7,"No suitable bucket for ADANIENT. Score 54/100, 1/4 strategies agree — signal is too weak for any bucket. Wait for a stronger setup.",WEAK BULL 📈,
2026-06-17 09:23:13,TATAPOWER,—,NO-TRADE,48.0,NEUTRAL ⚪,400.75,Score 48/100 below minimum 50/100. No bucket would accept this.,WEAK BULL 📈,
2026-06-17 09:23:15,ADANIPORTS,—,NO-TRADE,53.0,BUY 🟢,1814.0,"No suitable bucket for ADANIPORTS. Score 53/100, 1/4 strategies agree — signal is too weak for any bucket. Wait for a stronger setup.",WEAK BULL 📈,
2026-06-17 09:23:15,ICICIPRULI,Intraday,NO-TRADE,57.0,BUY 🟢,491.8,❌ **ICICIPRULI** REJECTED for Intraday | Score: 62/100 | Votes: 1/4 Reasons: Portfolio risk gate: 🛑 Blocked: Intraday bucket drawdown: -16.7% (limit: -10.0%). Bucket paused — no new entries until losses recover. Existing positions continue unaffected.,WEAK BULL 📈,
2026-06-17 09:23:15,POWERGRID,—,NO-TRADE,53.0,NEUTRAL ⚪,284.65,Signal is NEUTRAL ⚪ — not a BUY. No action taken.,WEAK BULL 📈,
2026-06-17 09:23:16,DIVISLAB,—,NO-TRADE,54.0,STRONG BUY 🟢🟢,6745.5,"No suitable bucket for DIVISLAB. Score 54/100, 2/4 strategies agree — signal is too weak for any bucket. Wait for a stronger setup.",WEAK BULL 📈,
2026-06-17 09:23:16,NTPC,—,NO-TRADE,46.0,NEUTRAL ⚪,353.35,Score 46/100 below minimum 50/100. No bucket would accept this.,WEAK BULL 📈,
2026-06-17 09:23:17,CUMMINSIND,Intraday,NO-TRADE,55.0,BUY 🟢,5760.5,❌ **CUMMINSIND** REJECTED for Intraday | Score: 54/100 | Votes: 1/4 Reasons: Portfolio risk gate: 🛑 Blocked: Intraday bucket drawdown: -16.7% (limit: -10.0%). Bucket paused — no new entries until losses recover. Existing positions continue unaffected.,WEAK BULL 📈,
2026-06-17 09:23:17,PIDILITIND,—,NO-TRADE,53.0,SELL 🔴,1572.3,Signal is SELL 🔴 — not a BUY. No action taken.,WEAK BULL 📈,
2026-06-17 09:23:17,ONGC,—,NO-TRADE,47.0,NEUTRAL ⚪,246.8,Score 47/100 below minimum 50/100. No bucket would accept this.,WEAK BULL 📈,
2026-06-17 09:23:18,CGPOWER,—,NO-TRADE,54.0,BUY 🟢,944.95,"No suitable bucket for CGPOWER. Score 54/100, 1/4 strategies agree — signal is too weak for any bucket. Wait for a stronger setup.",WEAK BULL 📈,
2026-06-17 09:23:18,CIPLA,—,NO-TRADE,50.0,SELL 🔴,1368.6,Signal is SELL 🔴 — not a BUY. No action taken.,WEAK BULL 📈,
2026-06-17 09:23:19,COALINDIA,—,NO-TRADE,44.0,SELL 🔴,449.8,Score 44/100 below minimum 50/100. No bucket would accept this.,WEAK BULL 📈,
2026-06-17 09:23:19,BOSCHLTD,—,NO-TRADE,56.0,NEUTRAL ⚪,38905.0,Signal is NEUTRAL ⚪ — not a BUY. No action taken.,WEAK BULL 📈,
2026-06-17 09:23:20,APOLLOHOSP,—,NO-TRADE,53.0,BUY 🟢,8438.0,"No suitable bucket for APOLLOHOSP. Score 53/100, 1/4 strategies agree — signal is too weak for any bucket. Wait for a stronger setup.",WEAK BULL 📈,
2026-06-17 09:23:20,BIOCON,—,NO-TRADE,49.0,SELL 🔴,415.9,Score 49/100 below minimum 50/100. No bucket would accept this.,WEAK BULL 📈,
2026-06-17 09:23:21,BAJAJ-AUTO,—,NO-TRADE,48.0,NEUTRAL ⚪,9948.0,Score 48/100 below minimum 50/100. No bucket would accept this.,WEAK BULL 📈,
2026-06-17 09:23:22,TMCV,Intraday,NO-TRADE,58.0,BUY 🟢,401.55,❌ **TMCV** REJECTED for Intraday | Score: 64/100 | Votes: 1/4 Reasons: Portfolio risk gate: 🛑 Blocked: Intraday bucket drawdown: -16.7% (limit: -10.0%). Bucket paused — no new entries until losses recover. Existing positions continue unaffected.,WEAK BULL 📈,
2026-06-17 09:23:23,TATASTEEL,—,NO-TRADE,47.0,NEUTRAL ⚪,196.07,Score 47/100 below minimum 50/100. No bucket would accept this.,WEAK BULL 📈,
2026-06-17 09:23:24,HEROMOTOCO,Intraday,NO-TRADE,55.0,BUY 🟢,5005.5,❌ **HEROMOTOCO** REJECTED for Intraday | Score: 59/100 | Votes: 1/4 Reasons: Portfolio risk gate: 🛑 Blocked: Intraday bucket drawdown: -16.7% (limit: -10.0%). Bucket paused — no new entries until losses recover. Existing positions continue unaffected.,WEAK BULL 📈,
2026-06-17 09:23:25,BAJAJHLDNG,Swing,NO-TRADE,61.0,STRONG BUY 🟢🟢,10460.0,❌ **BAJAJHLDNG** REJECTED for Swing | Score: 69/100 | Votes: 3/4 Reasons: Portfolio risk gate: 🛑 Blocked: Swing bucket drawdown: -16.9% (limit: -10.0%). Bucket paused — no new entries until losses recover. Existing positions continue unaffected.,WEAK BULL 📈,
2026-06-17 09:23:26,HCLTECH,Intraday,NO-TRADE,55.0,BUY 🟢,1165.4,❌ **HCLTECH** REJECTED for Intraday | Score: 57/100 | Votes: 1/4 Reasons: Portfolio risk gate: 🛑 Blocked: Intraday bucket drawdown: -16.7% (limit: -10.0%). Bucket paused — no new entries until losses recover. Existing positions continue unaffected.,WEAK BULL 📈,
2026-06-17 09:23:27,JSWSTEEL,—,NO-TRADE,45.0,STRONG SELL 🔴🔴,1271.6,Score 45/100 below minimum 50/100. No bucket would accept this.,WEAK BULL 📈,
2026-06-17 09:23:27,EICHERMOT,Intraday,NO-TRADE,60.0,BUY 🟢,7516.5,❌ **EICHERMOT** REJECTED for Intraday | Score: 69/100 | Votes: 1/4 Reasons: Portfolio risk gate: 🛑 Blocked: Intraday bucket drawdown: -16.7% (limit: -10.0%). Bucket paused — no new entries until losses recover. Existing positions continue unaffected.,WEAK BULL 📈,
2026-06-17 09:23:28,Carborundum Universal Limited,Intraday,NO-TRADE,59.0,STRONG BUY 🟢🟢,1078.5,❌ **Carborundum Universal Limited** REJECTED for Intraday | Score: 66/100 | Votes: 2/4 Reasons: Portfolio risk gate: 🛑 Blocked: Intraday bucket drawdown: -16.7% (limit: -10.0%). Bucket paused — no new entries until losses recover. Existing positions continue unaffected.,WEAK BULL 📈,
2026-06-17 09:23:28,TATACONSUM,—,NO-TRADE,48.0,NEUTRAL ⚪,1126.5,Score 48/100 below minimum 50/100. No bucket would accept this.,WEAK BULL 📈,
2026-06-17 09:23:29,NHPC,—,NO-TRADE,53.0,NEUTRAL ⚪,74.67,Signal is NEUTRAL ⚪ — not a BUY. No action taken.,WEAK BULL 📈,
2026-06-17 09:23:31,BAJAJFINSV,Intraday,NO-TRADE,55.0,BUY 🟢,1781.6,❌ **BAJAJFINSV** REJECTED for Intraday | Score: 59/100 | Votes: 1/4 Reasons: Portfolio risk gate: 🛑 Blocked: Intraday bucket drawdown: -16.7% (limit: -10.0%). Bucket paused — no new entries until losses recover. Existing positions continue unaffected.,WEAK BULL 📈,
2026-06-17 09:23:32,HPCL,Intraday,NO-TRADE,60.0,BUY 🟢,402.1,❌ **HPCL** REJECTED for Intraday | Score: 69/100 | Votes: 1/4 Reasons: Portfolio risk gate: 🛑 Blocked: Intraday bucket drawdown: -16.7% (limit: -10.0%). Bucket paused — no new entries until losses recover. Existing positions continue unaffected.,WEAK BULL 📈,
2026-06-17 09:23:33,BRITANNIA,Intraday,NO-TRADE,58.0,BUY 🟢,5208.5,❌ **BRITANNIA** REJECTED for Intraday | Score: 65/100 | Votes: 1/4 Reasons: Portfolio risk gate: 🛑 Blocked: Intraday bucket drawdown: -16.7% (limit: -10.0%). Bucket paused — no new entries until losses recover. Existing positions continue unaffected.,WEAK BULL 📈,
2026-06-17 09:23:33,DRREDDY,—,NO-TRADE,49.0,NEUTRAL ⚪,1271.6,Score 49/100 below minimum 50/100. No bucket would accept this.,WEAK BULL 📈,
2026-06-17 09:23:34,TECHM,—,NO-TRADE,44.0,SELL 🔴,1464.7,Score 44/100 below minimum 50/100. No bucket would accept this.,WEAK BULL 📈,
2026-06-17 09:23:35,LT,Intraday,NO-TRADE,59.0,BUY 🟢,4175.0,❌ **LT** REJECTED for Intraday | Score: 69/100 | Votes: 1/4 Reasons: Portfolio risk gate: 🛑 Blocked: Intraday bucket drawdown: -16.7% (limit: -10.0%). Bucket paused — no new entries until losses recover. Existing positions continue unaffected.,WEAK BULL 📈,
2026-06-17 09:23:35,HDFCLIFE,—,NO-TRADE,46.0,SELL 🔴,573.75,Score 46/100 below minimum 50/100. No bucket would accept this.,WEAK BULL 📈,
2026-06-17 09:23:36,GODREJCP,Intraday,NO-TRADE,59.0,STRONG BUY 🟢🟢,1037.1,❌ **GODREJCP** REJECTED for Intraday | Score: 64/100 | Votes: 2/4 Reasons: Portfolio risk gate: 🛑 Blocked: Intraday bucket drawdown: -16.7% (limit: -10.0%). Bucket paused — no new entries until losses recover. Existing positions continue unaffected.,WEAK BULL 📈,
2026-06-17 09:23:36,MPHASIS,Intraday,BUY,57.0,BUY 🟢,2329.1,"=======================================================
DECISION: BUY
Stock: MPHASIS  |  Bucket: Intraday
Confidence: 36/100  |  Score: 0/100
Regime: WEAK BULL 📈

REASONS FOR:
  🟡 Weak bull regime — market trending cautiously upward (WEAK BULL 📈)
  ✅ Market regime favorable (WEAK BULL 📈)

RISK ASSESSMENT:
  Entry:  ₹2329.1
  Stop:   ₹2189.35  (-6.0% = -₹139.75)
  Target: ₹2678.47  (+15.0% = +₹349.37)
  Risk:Reward = 1:2.5
  Position Size: 3.3% of bucket

PORTFOLIO IMPACT:
  Deployment:  20.4% → ",WEAK BULL 📈,
2026-06-17 09:23:37,DABUR,—,NO-TRADE,49.0,SELL 🔴,432.4,Score 49/100 below minimum 50/100. No bucket would accept this.,WEAK BULL 📈,
2026-06-17 09:23:38,VBL,—,NO-TRADE,52.0,BUY 🟢,545.3,"No suitable bucket for VBL. Score 52/100, 1/4 strategies agree — signal is too weak for any bucket. Wait for a stronger setup.",WEAK BULL 📈,
2026-06-17 09:23:38,MARICO,—,NO-TRADE,47.0,SELL 🔴,808.1,Score 47/100 below minimum 50/100. No bucket would accept this.,WEAK BULL 📈,
2026-06-17 09:23:38,M&M,Intraday,NO-TRADE,59.0,STRONG BUY 🟢🟢,3132.1,❌ **M&M** REJECTED for Intraday | Score: 64/100 | Votes: 2/4 Reasons: Portfolio risk gate: 🛑 Blocked: Intraday bucket drawdown: -16.7% (limit: -10.0%). Bucket paused — no new entries until losses recover. Existing positions continue unaffected.,WEAK BULL 📈,
2026-06-17 09:23:39,AUROPHARMA,—,NO-TRADE,45.0,SELL 🔴,1425.0,Score 45/100 below minimum 50/100. No bucket would accept this.,WEAK BULL 📈,
2026-06-17 09:23:39,PFC,Intraday,NO-TRADE,56.0,BUY 🟢,427.9,❌ **PFC** REJECTED for Intraday | Score: 59/100 | Votes: 1/4 Reasons: Portfolio risk gate: 🛑 Blocked: Intraday bucket drawdown: -16.7% (limit: -10.0%). Bucket paused — no new entries until losses recover. Existing positions continue unaffected.,WEAK BULL 📈,
2026-06-17 09:23:40,Jindal Stainless,—,NO-TRADE,54.0,BUY 🟢,711.0,"No suitable bucket for Jindal Stainless. Score 54/100, 1/4 strategies agree — signal is too weak for any bucket. Wait for a stronger setup.",WEAK BULL 📈,
2026-06-17 09:23:40,TATACHEM,—,NO-TRADE,46.0,SELL 🔴,731.1,Score 46/100 below minimum 50/100. No bucket would accept this.,WEAK BULL 📈,
2026-06-17 09:23:41,INDIGO,Intraday,NO-TRADE,58.0,BUY 🟢,4868.3,❌ **INDIGO** REJECTED for Intraday | Score: 66/100 | Votes: 1/4 Reasons: Portfolio risk gate: 🛑 Blocked: Intraday bucket drawdown: -16.7% (limit: -10.0%). Bucket paused — no new entries until losses recover. Existing positions continue unaffected.,WEAK BULL 📈,
2026-06-17 09:23:41,UPL,—,NO-TRADE,46.0,NEUTRAL ⚪,611.4,Score 46/100 below minimum 50/100. No bucket would accept this.,WEAK BULL 📈,
2026-06-17 09:23:42,ADANIGREEN,—,NO-TRADE,54.0,BUY 🟢,1469.8,"No suitable bucket for ADANIGREEN. Score 54/100, 1/4 strategies agree — signal is too weak for any bucket. Wait for a stronger setup.",WEAK BULL 📈,
2026-06-17 09:23:43,RECLTD,Intraday,NO-TRADE,59.0,BUY 🟢,354.7,❌ **RECLTD** REJECTED for Intraday | Score: 67/100 | Votes: 1/4 Reasons: Portfolio risk gate: 🛑 Blocked: Intraday bucket drawdown: -16.7% (limit: -10.0%). Bucket paused — no new entries until losses recover. Existing positions continue unaffected.,WEAK BULL 📈,
2026-06-17 09:23:44,Mazagon Dock,Intraday,NO-TRADE,55.0,BUY 🟢,2484.5,❌ **Mazagon Dock** REJECTED for Intraday | Score: 59/100 | Votes: 1/4 Reasons: Portfolio risk gate: 🛑 Blocked: Intraday bucket drawdown: -16.7% (limit: -10.0%). Bucket paused — no new entries until losses recover. Existing positions continue unaffected.,WEAK BULL 📈,
2026-06-17 09:23:45,YESBANK,Intraday,NO-TRADE,59.0,STRONG BUY 🟢🟢,24.19,❌ **YESBANK** REJECTED for Intraday | Score: 66/100 | Votes: 2/4 Reasons: Portfolio risk gate: 🛑 Blocked: Intraday bucket drawdown: -16.7% (limit: -10.0%). Bucket paused — no new entries until losses recover. Existing positions continue unaffected.,WEAK BULL 📈,
2026-06-17 09:23:45,TMPV,—,NO-TRADE,54.0,BUY 🟢,390.7,"No suitable bucket for TMPV. Score 54/100, 1/4 strategies agree — signal is too weak for any bucket. Wait for a stronger setup.",WEAK BULL 📈,
2026-06-17 09:23:46,NYKAA,Intraday,NO-TRADE,57.0,BUY 🟢,278.5,❌ **NYKAA** REJECTED for Intraday | Score: 64/100 | Votes: 1/4 Reasons: Portfolio risk gate: 🛑 Blocked: Intraday bucket drawdown: -16.7% (limit: -10.0%). Bucket paused — no new entries until losses recover. Existing positions continue unaffected.,WEAK BULL 📈,
2026-06-17 09:23:46,ACC,—,NO-TRADE,52.0,SELL 🔴,1350.2,Signal is SELL 🔴 — not a BUY. No action taken.,WEAK BULL 📈,
2026-06-17 09:23:46,JINDAL STEEL,—,NO-TRADE,47.0,NEUTRAL ⚪,1127.3,Score 47/100 below minimum 50/100. No bucket would accept this.,WEAK BULL 📈,
2026-06-17 09:23:47,SHRIRAMFIN,Intraday,NO-TRADE,59.0,BUY 🟢,1008.0,❌ **SHRIRAMFIN** REJECTED for Intraday | Score: 69/100 | Votes: 1/4 Reasons: Portfolio risk gate: 🛑 Blocked: Intraday bucket drawdown: -16.7% (limit: -10.0%). Bucket paused — no new entries until losses recover. Existing positions continue unaffected.,WEAK BULL 📈,
2026-06-17 09:23:47,AMBUJACEM,—,NO-TRADE,53.0,NEUTRAL ⚪,425.3,Signal is NEUTRAL ⚪ — not a BUY. No action taken.,WEAK BULL 📈,
2026-06-17 09:23:47,Rail Vikas Nigam,—,NO-TRADE,49.0,SELL 🔴,240.51,Score 49/100 below minimum 50/100. No bucket would accept this.,WEAK BULL 📈,
2026-06-17 09:23:49,Cochin Shipyard,—,NO-TRADE,46.0,SELL 🔴,1435.6,Score 46/100 below minimum 50/100. No bucket would accept this.,WEAK BULL 📈,
2026-06-17 09:23:50,IRFC,Intraday,NO-TRADE,55.0,BUY 🟢,98.05,❌ **IRFC** REJECTED for Intraday | Score: 59/100 | Votes: 1/4 Reasons: Portfolio risk gate: 🛑 Blocked: Intraday bucket drawdown: -16.7% (limit: -10.0%). Bucket paused — no new entries until losses recover. Existing positions continue unaffected.,WEAK BULL 📈,
2026-06-17 09:23:51,CHOLAFIN,Intraday,NO-TRADE,58.0,BUY 🟢,1685.7,❌ **CHOLAFIN** REJECTED for Intraday | Score: 66/100 | Votes: 1/4 Reasons: Portfolio risk gate: 🛑 Blocked: Intraday bucket drawdown: -16.7% (limit: -10.0%). Bucket paused — no new entries until losses recover. Existing positions continue unaffected.,WEAK BULL 📈,
2026-06-17 09:23:51,MUTHOOTFIN,—,NO-TRADE,49.0,SELL 🔴,3157.5,Score 49/100 below minimum 50/100. No bucket would accept this.,WEAK BULL 📈,
2026-06-17 09:23:51,ASHOKLEY,Swing,NO-TRADE,61.0,STRONG BUY 🟢🟢,158.56,❌ **ASHOKLEY** REJECTED for Swing | Score: 65/100 | Votes: 2/4 Reasons: Portfolio risk gate: 🛑 Blocked: Swing bucket drawdown: -16.9% (limit: -10.0%). Bucket paused — no new entries until losses recover. Existing positions continue unaffected.,WEAK BULL 📈,
2026-06-17 09:23:53,Bharat Dynamics,Intraday,NO-TRADE,55.0,BUY 🟢,1238.2,❌ **Bharat Dynamics** REJECTED for Intraday | Score: 57/100 | Votes: 1/4 Reasons: Portfolio risk gate: 🛑 Blocked: Intraday bucket drawdown: -16.7% (limit: -10.0%). Bucket paused — no new entries until losses recover. Existing positions continue unaffected.,WEAK BULL 📈,
2026-06-17 09:23:53,HAVELLS,Intraday,NO-TRADE,55.0,BUY 🟢,1189.5,❌ **HAVELLS** REJECTED for Intraday | Score: 59/100 | Votes: 1/4 Reasons: Portfolio risk gate: 🛑 Blocked: Intraday bucket drawdown: -16.7% (limit: -10.0%). Bucket paused — no new entries until losses recover. Existing positions continue unaffected.,WEAK BULL 📈,
2026-06-17 09:23:55,CANBK,Intraday,NO-TRADE,60.0,BUY 🟢,132.9,❌ **CANBK** REJECTED for Intraday | Score: 69/100 | Votes: 1/4 Reasons: Portfolio risk gate: 🛑 Blocked: Intraday bucket drawdown: -16.7% (limit: -10.0%). Bucket paused — no new entries until losses recover. Existing positions continue unaffected.,WEAK BULL 📈,
2026-06-17 09:23:55,ASTRAL,Intraday,NO-TRADE,55.0,BUY 🟢,1553.3,❌ **ASTRAL** REJECTED for Intraday | Score: 59/100 | Votes: 1/4 Reasons: Portfolio risk gate: 🛑 Blocked: Intraday bucket drawdown: -16.7% (limit: -10.0%). Bucket paused — no new entries until losses recover. Existing positions continue unaffected.,WEAK BULL 📈,
2026-06-17 09:23:56,TVS Motors,Intraday,NO-TRADE,55.0,BUY 🟢,3442.7,❌ **TVS Motors** REJECTED for Intraday | Score: 59/100 | Votes: 1/4 Reasons: Portfolio risk gate: 🛑 Blocked: Intraday bucket drawdown: -16.7% (limit: -10.0%). Bucket paused — no new entries until losses recover. Existing positions continue unaffected.,WEAK BULL 📈,
2026-06-17 09:23:56,TATA ELXSI,—,NO-TRADE,45.0,SELL 🔴,4124.7,Score 45/100 below minimum 50/100. No bucket would accept this.,WEAK BULL 📈,
2026-06-17 09:23:57,IRCTC,—,NO-TRADE,50.0,SELL 🔴,520.0,Signal is SELL 🔴 — not a BUY. No action taken.,WEAK BULL 📈,
2026-06-17 09:23:57,ABFRL,—,NO-TRADE,45.0,SELL 🔴,61.36,Score 45/100 below minimum 50/100. No bucket would accept this.,WEAK BULL 📈,
2026-06-17 09:23:58,TRENT,Intraday,NO-TRADE,58.0,BUY 🟢,2954.0,❌ **TRENT** REJECTED for Intraday | Score: 66/100 | Votes: 1/4 Reasons: Portfolio risk gate: 🛑 Blocked: Intraday bucket drawdown: -16.7% (limit: -10.0%). Bucket paused — no new entries until losses recover. Existing positions continue unaffected.,WEAK BULL 📈,
2026-06-17 09:23:59,BANKBARODA,Intraday,NO-TRADE,59.0,BUY 🟢,274.5,❌ **BANKBARODA** REJECTED for Intraday | Score: 66/100 | Votes: 1/4 Reasons: Portfolio risk gate: 🛑 Blocked: Intraday bucket drawdown: -16.7% (limit: -10.0%). Bucket paused — no new entries until losses recover. Existing positions continue unaffected.,WEAK BULL 📈,
2026-06-17 09:24:01,DMART,Intraday,NO-TRADE,55.0,BUY 🟢,4242.0,❌ **DMART** REJECTED for Intraday | Score: 62/100 | Votes: 1/4 Reasons: Portfolio risk gate: 🛑 Blocked: Intraday bucket drawdown: -16.7% (limit: -10.0%). Bucket paused — no new entries until losses recover. Existing positions continue unaffected.,WEAK BULL 📈,
2026-06-17 09:24:01,AARTIIND,Swing,NO-TRADE,61.0,STRONG BUY 🟢🟢,492.4,❌ **AARTIIND** REJECTED for Swing | Score: 65/100 | Votes: 2/4 Reasons: Portfolio risk gate: 🛑 Blocked: Swing bucket drawdown: -16.9% (limit: -10.0%). Bucket paused — no new entries until losses recover. Existing positions continue unaffected.,WEAK BULL 📈,
2026-06-17 09:24:02,IDEA,—,NO-TRADE,53.0,BUY 🟢,14.53,"No suitable bucket for IDEA. Score 53/100, 1/4 strategies agree — signal is too weak for any bucket. Wait for a stronger setup.",WEAK BULL 📈,
2026-06-17 09:24:02,PAGEIND,Intraday,NO-TRADE,58.0,BUY 🟢,39075.0,❌ **PAGEIND** REJECTED for Intraday | Score: 66/100 | Votes: 1/4 Reasons: Portfolio risk gate: 🛑 Blocked: Intraday bucket drawdown: -16.7% (limit: -10.0%). Bucket paused — no new entries until losses recover. Existing positions continue unaffected.,WEAK BULL 📈,
2026-06-17 09:24:03,PNB,Intraday,NO-TRADE,60.0,BUY 🟢,107.51,❌ **PNB** REJECTED for Intraday | Score: 69/100 | Votes: 1/4 Reasons: Portfolio risk gate: 🛑 Blocked: Intraday bucket drawdown: -16.7% (limit: -10.0%). Bucket paused — no new entries until losses recover. Existing positions continue unaffected.,WEAK BULL 📈,
2026-06-17 09:24:03,POLYCAB,—,NO-TRADE,53.0,BUY 🟢,9669.0,"No suitable bucket for POLYCAB. Score 53/100, 1/4 strategies agree — signal is too weak for any bucket. Wait for a stronger setup.",WEAK BULL 📈,
2026-06-17 09:24:04,IDFCFIRSTB,—,NO-TRADE,55.0,NEUTRAL ⚪,77.24,Signal is NEUTRAL ⚪ — not a BUY. No action taken.,WEAK BULL 📈,
2026-06-17 09:24:04,VOLTAS,—,NO-TRADE,54.0,NEUTRAL ⚪,1365.4,Signal is NEUTRAL ⚪ — not a BUY. No action taken.,WEAK BULL 📈,
2026-06-17 09:24:05,INDIAMART,Intraday,NO-TRADE,57.0,BUY 🟢,2080.0,❌ **INDIAMART** REJECTED for Intraday | Score: 64/100 | Votes: 1/4 Reasons: Portfolio risk gate: 🛑 Blocked: Intraday bucket drawdown: -16.7% (limit: -10.0%). Bucket paused — no new entries until losses recover. Existing positions continue unaffected.,WEAK BULL 📈,
2026-06-17 09:24:05,FEDERALBNK,—,NO-TRADE,56.0,NEUTRAL ⚪,320.1,Signal is NEUTRAL ⚪ — not a BUY. No action taken.,WEAK BULL 📈,
2026-06-17 09:24:05,Garden Reach Shipbuilders,Intraday,NO-TRADE,55.0,BUY 🟢,2692.2,❌ **Garden Reach Shipbuilders** REJECTED for Intraday | Score: 59/100 | Votes: 1/4 Reasons: Portfolio risk gate: 🛑 Blocked: Intraday bucket drawdown: -16.7% (limit: -10.0%). Bucket paused — no new entries until losses recover. Existing positions continue unaffected.,WEAK BULL 📈,
2026-06-17 09:24:06,AFFLE INDIA,—,NO-TRADE,53.0,BUY 🟢,1477.5,"No suitable bucket for AFFLE INDIA. Score 53/100, 1/4 strategies agree — signal is too weak for any bucket. Wait for a stronger setup.",WEAK BULL 📈,
2026-06-17 09:24:07,HAL,—,NO-TRADE,46.0,SELL 🔴,4279.0,Score 46/100 below minimum 50/100. No bucket would accept this.,WEAK BULL 📈,
2026-06-17 09:24:08,BEL,—,NO-TRADE,51.0,SELL 🔴,406.65,Signal is SELL 🔴 — not a BUY. No action taken.,WEAK BULL 📈,
2026-06-17 09:24:08,UBL,Intraday,NO-TRADE,56.0,BUY 🟢,1332.6,❌ **UBL** REJECTED for Intraday | Score: 59/100 | Votes: 1/4 Reasons: Portfolio risk gate: 🛑 Blocked: Intraday bucket drawdown: -16.7% (limit: -10.0%). Bucket paused — no new entries until losses recover. Existing positions continue unaffected.,WEAK BULL 📈,
2026-06-17 09:24:09,BANDHANBNK,Intraday,NO-TRADE,59.0,BUY 🟢,215.59,❌ **BANDHANBNK** REJECTED for Intraday | Score: 69/100 | Votes: 1/4 Reasons: Portfolio risk gate: 🛑 Blocked: Intraday bucket drawdown: -16.7% (limit: -10.0%). Bucket paused — no new entries until losses recover. Existing positions continue unaffected.,WEAK BULL 📈,
2026-06-17 09:24:10,DLF,Intraday,NO-TRADE,58.0,BUY 🟢,626.45,❌ **DLF** REJECTED for Intraday | Score: 66/100 | Votes: 1/4 Reasons: Portfolio risk gate: 🛑 Blocked: Intraday bucket drawdown: -16.7% (limit: -10.0%). Bucket paused — no new entries until losses recover. Existing positions continue unaffected.,WEAK BULL 📈,
2026-06-17 09:24:12,IREDA,Intraday,NO-TRADE,58.0,STRONG BUY 🟢🟢,125.72,❌ **IREDA** REJECTED for Intraday | Score: 59/100 | Votes: 2/4 Reasons: Portfolio risk gate: 🛑 Blocked: Intraday bucket drawdown: -16.7% (limit: -10.0%). Bucket paused — no new entries until losses recover. Existing positions continue unaffected.,WEAK BULL 📈,
2026-06-17 09:24:12,Oil India,—,NO-TRADE,48.0,NEUTRAL ⚪,416.15,Score 48/100 below minimum 50/100. No bucket would accept this.,WEAK BULL 📈,
2026-06-17 09:24:12,BATAINDIA,Intraday,NO-TRADE,56.0,BUY 🟢,678.35,❌ **BATAINDIA** REJECTED for Intraday | Score: 59/100 | Votes: 1/4 Reasons: Portfolio risk gate: 🛑 Blocked: Intraday bucket drawdown: -16.7% (limit: -10.0%). Bucket paused — no new entries until losses recover. Existing positions continue unaffected.,WEAK BULL 📈,
2026-06-17 09:24:13,INDUSINDBK,Intraday,NO-TRADE,58.0,BUY 🟢,923.15,❌ **INDUSINDBK** REJECTED for Intraday | Score: 64/100 | Votes: 1/4 Reasons: Portfolio risk gate: 🛑 Blocked: Intraday bucket drawdown: -16.7% (limit: -10.0%). Bucket paused — no new entries until losses recover. Existing positions continue unaffected.,WEAK BULL 📈,
2026-06-17 09:24:13,SIEMENS,—,NO-TRADE,49.0,NEUTRAL ⚪,3646.9,Score 49/100 below minimum 50/100. No bucket would accept this.,WEAK BULL 📈,
2026-06-17 09:24:14,ESCORTS,Intraday,NO-TRADE,55.0,BUY 🟢,2852.8,❌ **ESCORTS** REJECTED for Intraday | Score: 57/100 | Votes: 1/4 Reasons: Portfolio risk gate: 🛑 Blocked: Intraday bucket drawdown: -16.7% (limit: -10.0%). Bucket paused — no new entries until losses recover. Existing positions continue unaffected.,WEAK BULL 📈,
2026-06-17 09:24:14,GRASIM,—,NO-TRADE,53.0,BUY 🟢,3145.5,"No suitable bucket for GRASIM. Score 53/100, 1/4 strategies agree — signal is too weak for any bucket. Wait for a stronger setup.",WEAK BULL 📈,
2026-06-17 09:24:15,GLENMARK,—,NO-TRADE,46.0,NEUTRAL ⚪,2149.4,Score 46/100 below minimum 50/100. No bucket would accept this.,WEAK BULL 📈,
2026-06-17 09:24:16,Eternal (formerly Zomato),Intraday,NO-TRADE,59.0,STRONG BUY 🟢🟢,254.1,❌ **Eternal (formerly Zomato)** REJECTED for Intraday | Score: 64/100 | Votes: 2/4 Reasons: Portfolio risk gate: 🛑 Blocked: Intraday bucket drawdown: -16.7% (limit: -10.0%). Bucket paused — no new entries until losses recover. Existing positions continue unaffected.,WEAK BULL 📈,
2026-06-17 09:24:16,BERGEPAINT,—,NO-TRADE,52.0,BUY 🟢,517.95,"No suitable bucket for BERGEPAINT. Score 52/100, 1/4 strategies agree — signal is too weak for any bucket. Wait for a stronger setup.",WEAK BULL 📈,
2026-06-17 09:24:16,JUBLFOOD,—,NO-TRADE,50.0,SELL 🔴,422.3,Signal is SELL 🔴 — not a BUY. No action taken.,WEAK BULL 📈,
2026-06-17 09:24:17,BHEL,—,NO-TRADE,45.0,SELL 🔴,384.2,Score 45/100 below minimum 50/100. No bucket would accept this.,WEAK BULL 📈,
2026-06-17 09:24:17,KPITTECH,—,NO-TRADE,47.0,SELL 🔴,761.1,Score 47/100 below minimum 50/100. No bucket would accept this.,WEAK BULL 📈,
2026-06-17 09:24:17,RailTel,Intraday,NO-TRADE,57.0,BUY 🟢,326.3,❌ **RailTel** REJECTED for Intraday | Score: 62/100 | Votes: 1/4 Reasons: Portfolio risk gate: 🛑 Blocked: Intraday bucket drawdown: -16.7% (limit: -10.0%). Bucket paused — no new entries until losses recover. Existing positions continue unaffected.,WEAK BULL 📈,
2026-06-17 09:24:19,ABB,—,NO-TRADE,53.0,BUY 🟢,7036.0,"No suitable bucket for ABB. Score 53/100, 1/4 strategies agree — signal is too weak for any bucket. Wait for a stronger setup.",WEAK BULL 📈,
2026-06-17 09:24:19,COLPAL,Intraday,NO-TRADE,59.0,STRONG BUY 🟢🟢,2078.0,❌ **COLPAL** REJECTED for Intraday | Score: 64/100 | Votes: 2/4 Reasons: Portfolio risk gate: 🛑 Blocked: Intraday bucket drawdown: -16.7% (limit: -10.0%). Bucket paused — no new entries until losses recover. Existing positions continue unaffected.,WEAK BULL 📈,
2026-06-17 09:24:20,TORNTPOWER,—,NO-TRADE,51.0,NEUTRAL ⚪,1405.6,Signal is NEUTRAL ⚪ — not a BUY. No action taken.,WEAK BULL 📈,
2026-06-17 09:24:20,SBILIFE,—,NO-TRADE,46.0,SELL 🔴,1767.0,Score 46/100 below minimum 50/100. No bucket would accept this.,WEAK BULL 📈,
2026-06-17 09:24:21,TATAPOWER,—,NO-TRADE,48.0,NEUTRAL ⚪,400.85,Score 48/100 below minimum 50/100. No bucket would accept this.,WEAK BULL 📈,
2026-06-17 09:24:21,ICICIPRULI,—,NO-TRADE,51.0,SELL 🔴,491.45,Signal is SELL 🔴 — not a BUY. No action taken.,WEAK BULL 📈,
2026-06-17 09:24:22,LICHSGFIN,Intraday,NO-TRADE,59.0,BUY 🟢,548.4,❌ **LICHSGFIN** REJECTED for Intraday | Score: 64/100 | Votes: 1/4 Reasons: Portfolio risk gate: 🛑 Blocked: Intraday bucket drawdown: -16.7% (limit: -10.0%). Bucket paused — no new entries until losses recover. Existing positions continue unaffected.,WEAK BULL 📈,
2026-06-17 09:24:22,Lupin,Intraday,NO-TRADE,55.0,BUY 🟢,2277.2,❌ **Lupin** REJECTED for Intraday | Score: 59/100 | Votes: 1/4 Reasons: Portfolio risk gate: 🛑 Blocked: Intraday bucket drawdown: -16.7% (limit: -10.0%). Bucket paused — no new entries until losses recover. Existing positions continue unaffected.,WEAK BULL 📈,
2026-06-17 09:24:22,DIVISLAB,—,NO-TRADE,54.0,STRONG BUY 🟢🟢,6749.0,"No suitable bucket for DIVISLAB. Score 54/100, 2/4 strategies agree — signal is too weak for any bucket. Wait for a stronger setup.",WEAK BULL 📈,
2026-06-17 09:24:23,PIDILITIND,—,NO-TRADE,53.0,SELL 🔴,1573.2,Signal is SELL 🔴 — not a BUY. No action taken.,WEAK BULL 📈,
2026-06-17 09:24:23,Torrent Pharma,—,NO-TRADE,51.0,NEUTRAL ⚪,4457.5,Signal is NEUTRAL ⚪ — not a BUY. No action taken.,WEAK BULL 📈,
2026-06-17 09:24:24,CIPLA,—,NO-TRADE,50.0,SELL 🔴,1369.0,Signal is SELL 🔴 — not a BUY. No action taken.,WEAK BULL 📈,
2026-06-17 09:24:25,APOLLOHOSP,—,NO-TRADE,53.0,BUY 🟢,8440.0,"No suitable bucket for APOLLOHOSP. Score 53/100, 1/4 strategies agree — signal is too weak for any bucket. Wait for a stronger setup.",WEAK BULL 📈,
2026-06-17 09:24:25,MPHASIS,Intraday,NO-TRADE,57.0,BUY 🟢,2332.0,❌ **MPHASIS** REJECTED for Intraday | Score: 61/100 | Votes: 1/4 Reasons: Portfolio risk gate: 🛑 Blocked: Intraday bucket drawdown: -16.7% (limit: -10.0%). Bucket paused — no new entries until losses recover. Existing positions continue unaffected.,WEAK BULL 📈,
2026-06-17 09:24:25,BAJAJ-AUTO,—,NO-TRADE,48.0,NEUTRAL ⚪,9947.0,Score 48/100 below minimum 50/100. No bucket would accept this.,WEAK BULL 📈,
2026-06-17 09:24:26,LICI,Swing,NO-TRADE,60.0,STRONG BUY 🟢🟢,409.2,❌ **LICI** REJECTED for Swing | Score: 65/100 | Votes: 2/4 Reasons: Portfolio risk gate: 🛑 Blocked: Swing bucket drawdown: -16.9% (limit: -10.0%). Bucket paused — no new entries until losses recover. Existing positions continue unaffected.,WEAK BULL 📈,
2026-06-17 09:24:26,VBL,—,NO-TRADE,52.0,BUY 🟢,544.75,"No suitable bucket for VBL. Score 52/100, 1/4 strategies agree — signal is too weak for any bucket. Wait for a stronger setup.",WEAK BULL 📈,
2026-06-17 09:24:27,Gujarat Pipavav Port,Intraday,NO-TRADE,57.0,STRONG BUY 🟢🟢,156.85,❌ **Gujarat Pipavav Port** REJECTED for Intraday | Score: 59/100 | Votes: 2/4 Reasons: Portfolio risk gate: 🛑 Blocked: Intraday bucket drawdown: -16.7% (limit: -10.0%). Bucket paused — no new entries until losses recover. Existing positions continue unaffected.,WEAK BULL 📈,
2026-06-17 09:24:28,Amara Raja Energy,—,NO-TRADE,52.0,BUY 🟢,857.85,"No suitable bucket for Amara Raja Energy. Score 52/100, 1/4 strategies agree — signal is too weak for any bucket. Wait for a stronger setup.",WEAK BULL 📈,
2026-06-17 09:24:29,HEROMOTOCO,Intraday,NO-TRADE,55.0,BUY 🟢,5007.1,❌ **HEROMOTOCO** REJECTED for Intraday | Score: 59/100 | Votes: 1/4 Reasons: Portfolio risk gate: 🛑 Blocked: Intraday bucket drawdown: -16.7% (limit: -10.0%). Bucket paused — no new entries until losses recover. Existing positions continue unaffected.,WEAK BULL 📈,
2026-06-17 09:24:30,NAUKRI,Swing,NO-TRADE,60.0,STRONG BUY 🟢🟢,1017.05,❌ **NAUKRI** REJECTED for Swing | Score: 65/100 | Votes: 2/4 Reasons: Portfolio risk gate: 🛑 Blocked: Swing bucket drawdown: -16.9% (limit: -10.0%). Bucket paused — no new entries until losses recover. Existing positions continue unaffected.,WEAK BULL 📈,
2026-06-17 09:24:30,INDIGO,Intraday,NO-TRADE,58.0,BUY 🟢,4873.9,❌ **INDIGO** REJECTED for Intraday | Score: 66/100 | Votes: 1/4 Reasons: Portfolio risk gate: 🛑 Blocked: Intraday bucket drawdown: -16.7% (limit: -10.0%). Bucket paused — no new entries until losses recover. Existing positions continue unaffected.,WEAK BULL 📈,
2026-06-17 09:24:31,MOTHERSON,—,NO-TRADE,53.0,BUY 🟢,145.37,"No suitable bucket for MOTHERSON. Score 53/100, 1/4 strategies agree — signal is too weak for any bucket. Wait for a stronger setup.",WEAK BULL 📈,
2026-06-17 09:24:31,ADANIGREEN,—,NO-TRADE,54.0,BUY 🟢,1471.0,"No suitable bucket for ADANIGREEN. Score 54/100, 1/4 strategies agree — signal is too weak for any bucket. Wait for a stronger setup.",WEAK BULL 📈,
2026-06-17 09:24:32,Bank of India,Intraday,NO-TRADE,59.0,BUY 🟢,145.53,❌ **Bank of India** REJECTED for Intraday | Score: 66/100 | Votes: 1/4 Reasons: Portfolio risk gate: 🛑 Blocked: Intraday bucket drawdown: -16.7% (limit: -10.0%). Bucket paused — no new entries until losses recover. Existing positions continue unaffected.,WEAK BULL 📈,
2026-06-17 09:24:32,EICHERMOT,Intraday,NO-TRADE,60.0,BUY 🟢,7514.5,❌ **EICHERMOT** REJECTED for Intraday | Score: 69/100 | Votes: 1/4 Reasons: Portfolio risk gate: 🛑 Blocked: Intraday bucket drawdown: -16.7% (limit: -10.0%). Bucket paused — no new entries until losses recover. Existing positions continue unaffected.,WEAK BULL 📈,
2026-06-17 09:24:33,Credo Brands,—,NO-TRADE,54.0,BUY 🟢,88.04,"No suitable bucket for Credo Brands. Score 54/100, 1/4 strategies agree — signal is too weak for any bucket. Wait for a stronger setup.",WEAK BULL 📈,
2026-06-17 09:24:33,TATACONSUM,—,NO-TRADE,48.0,NEUTRAL ⚪,1127.9,Score 48/100 below minimum 50/100. No bucket would accept this.,WEAK BULL 📈,
2026-06-17 09:24:33,Tata Communications,—,NO-TRADE,49.0,SELL 🔴,1913.6,Score 49/100 below minimum 50/100. No bucket would accept this.,WEAK BULL 📈,
2026-06-17 09:24:34,Container Corp,—,NO-TRADE,49.0,SELL 🔴,464.7,Score 49/100 below minimum 50/100. No bucket would accept this.,WEAK BULL 📈,
2026-06-17 09:24:34,OBEROIRLTY,Intraday,NO-TRADE,59.0,BUY 🟢,1663.2,❌ **OBEROIRLTY** REJECTED for Intraday | Score: 64/100 | Votes: 1/4 Reasons: Portfolio risk gate: 🛑 Blocked: Intraday bucket drawdown: -16.7% (limit: -10.0%). Bucket paused — no new entries until losses recover. Existing positions continue unaffected.,WEAK BULL 📈,
2026-06-17 09:24:35,NYKAA,Intraday,NO-TRADE,57.0,BUY 🟢,278.7,❌ **NYKAA** REJECTED for Intraday | Score: 64/100 | Votes: 1/4 Reasons: Portfolio risk gate: 🛑 Blocked: Intraday bucket drawdown: -16.7% (limit: -10.0%). Bucket paused — no new entries until losses recover. Existing positions continue unaffected.,WEAK BULL 📈,
2026-06-17 09:24:35,PERSISTENT,—,NO-TRADE,44.0,SELL 🔴,5064.5,Score 44/100 below minimum 50/100. No bucket would accept this.,WEAK BULL 📈,
2026-06-17 09:24:36,VEDL,—,NO-TRADE,53.0,NEUTRAL ⚪,297.95,Signal is NEUTRAL ⚪ — not a BUY. No action taken.,WEAK BULL 📈,
2026-06-17 09:24:37,BRITANNIA,Intraday,NO-TRADE,56.0,BUY 🟢,5212.5,❌ **BRITANNIA** REJECTED for Intraday | Score: 59/100 | Votes: 1/4 Reasons: Portfolio risk gate: 🛑 Blocked: Intraday bucket drawdown: -16.7% (limit: -10.0%). Bucket paused — no new entries until losses recover. Existing positions continue unaffected.,WEAK BULL 📈,
2026-06-17 09:24:37,DRREDDY,—,NO-TRADE,49.0,NEUTRAL ⚪,1271.1,Score 49/100 below minimum 50/100. No bucket would accept this.,WEAK BULL 📈,
2026-06-17 09:24:38,TECHM,—,NO-TRADE,44.0,SELL 🔴,1465.1,Score 44/100 below minimum 50/100. No bucket would accept this.,WEAK BULL 📈,
2026-06-17 09:24:39,IRFC,Intraday,NO-TRADE,55.0,BUY 🟢,98.1,❌ **IRFC** REJECTED for Intraday | Score: 59/100 | Votes: 1/4 Reasons: Portfolio risk gate: 🛑 Blocked: Intraday bucket drawdown: -16.7% (limit: -10.0%). Bucket paused — no new entries until losses recover. Existing positions continue unaffected.,WEAK BULL 📈,
2026-06-17 09:24:38,PETRONET,Intraday,NO-TRADE,58.0,BUY 🟢,290.75,❌ **PETRONET** REJECTED for Intraday | Score: 66/100 | Votes: 1/4 Reasons: Portfolio risk gate: 🛑 Blocked: Intraday bucket drawdown: -16.7% (limit: -10.0%). Bucket paused — no new entries until losses recover. Existing positions continue unaffected.,WEAK BULL 📈,
2026-06-17 09:24:39,HDFCLIFE,—,NO-TRADE,52.0,NEUTRAL ⚪,574.85,Signal is NEUTRAL ⚪ — not a BUY. No action taken.,WEAK BULL 📈,
2026-06-17 09:24:40,GAIL,Intraday,NO-TRADE,58.0,BUY 🟢,175.68,❌ **GAIL** REJECTED for Intraday | Score: 66/100 | Votes: 1/4 Reasons: Portfolio risk gate: 🛑 Blocked: Intraday bucket drawdown: -16.7% (limit: -10.0%). Bucket paused — no new entries until losses recover. Existing positions continue unaffected.,WEAK BULL 📈,
2026-06-17 09:24:41,HINDALCO,—,NO-TRADE,48.0,NEUTRAL ⚪,973.6,Score 48/100 below minimum 50/100. No bucket would accept this.,WEAK BULL 📈,
2026-06-17 09:24:42,PFC,Intraday,NO-TRADE,56.0,BUY 🟢,428.1,❌ **PFC** REJECTED for Intraday | Score: 59/100 | Votes: 1/4 Reasons: Portfolio risk gate: 🛑 Blocked: Intraday bucket drawdown: -16.7% (limit: -10.0%). Bucket paused — no new entries until losses recover. Existing positions continue unaffected.,WEAK BULL 📈,
2026-06-17 09:24:42,HAVELLS,Intraday,NO-TRADE,55.0,BUY 🟢,1189.7,❌ **HAVELLS** REJECTED for Intraday | Score: 59/100 | Votes: 1/4 Reasons: Portfolio risk gate: 🛑 Blocked: Intraday bucket drawdown: -16.7% (limit: -10.0%). Bucket paused — no new entries until losses recover. Existing positions continue unaffected.,WEAK BULL 📈,
2026-06-17 09:24:43,SBICARD,Intraday,NO-TRADE,57.0,BUY 🟢,625.7,❌ **SBICARD** REJECTED for Intraday | Score: 62/100 | Votes: 1/4 Reasons: Portfolio risk gate: 🛑 Blocked: Intraday bucket drawdown: -16.7% (limit: -10.0%). Bucket paused — no new entries until losses recover. Existing positions continue unaffected.,WEAK BULL 📈,
2026-06-17 09:24:44,BPCL,Intraday,NO-TRADE,59.0,BUY 🟢,316.35,❌ **BPCL** REJECTED for Intraday | Score: 69/100 | Votes: 1/4 Reasons: Portfolio risk gate: 🛑 Blocked: Intraday bucket drawdown: -16.7% (limit: -10.0%). Bucket paused — no new entries until losses recover. Existing positions continue unaffected.,WEAK BULL 📈,
